dataset	repository_accession	filename	category	size_bytes	download_status
PXD005173	JPST000210	121026_CRC_N_Fr01.raw	RAW	0	NOT_DOWNLOADED_RAW
PXD005173	JPST000210	121026_CRC_N_Fr02.raw	RAW	0	NOT_DOWNLOADED_RAW
PXD005173	JPST000210	121026_CRC_N_Fr03.raw	RAW	0	NOT_DOWNLOADED_RAW
PXD005173	JPST000210	121026_CRC_N_Fr04.raw	RAW	0	NOT_DOWNLOADED_RAW
PXD005173	JPST000210	121026_CRC_N_Fr06.raw	RAW	0	NOT_DOWNLOADED_RAW
PXD005173	JPST000210	121026_CRC_N_Fr07.raw	RAW	0	NOT_DOWNLOADED_RAW
PXD005173	JPST000210	121026_CRC_N_Fr08.raw	RAW	0	NOT_DOWNLOADED_RAW
PXD005173	JPST000210	121026_CRC_N_Fr09.raw	RAW	0	NOT_DOWNLOADED_RAW
PXD005173	JPST000210	121026_CRC_N_Fr10.raw	RAW	0	NOT_DOWNLOADED_RAW
PXD005173	JPST000210	121026_CRC_N_Fr11.raw	RAW	0	NOT_DOWNLOADED_RAW
PXD005173	JPST000210	121026_CRC_N_Fr12.raw	RAW	0	NOT_DOWNLOADED_RAW
PXD005173	JPST000210	121026_CRC_N_Fr13.raw	RAW	0	NOT_DOWNLOADED_RAW
PXD005173	JPST000210	121026_CRC_N_Fr14.raw	RAW	0	NOT_DOWNLOADED_RAW
PXD005173	JPST000210	121026_CRC_N_Fr15.raw	RAW	0	NOT_DOWNLOADED_RAW
PXD005173	JPST000210	121026_CRC_N_Fr16.raw	RAW	0	NOT_DOWNLOADED_RAW
PXD005173	JPST000210	121026_CRC_N_Fr17.raw	RAW	0	NOT_DOWNLOADED_RAW
PXD005173	JPST000210	121026_CRC_N_Fr18.raw	RAW	0	NOT_DOWNLOADED_RAW
PXD005173	JPST000210	121026_CRC_N_Fr19.raw	RAW	0	NOT_DOWNLOADED_RAW
PXD005173	JPST000210	121026_CRC_N_Fr20.raw	RAW	0	NOT_DOWNLOADED_RAW
PXD005173	JPST000210	121026_CRC_N_Fr21.raw	RAW	0	NOT_DOWNLOADED_RAW
PXD005173	JPST000210	121026_CRC_N_Fr22.raw	RAW	0	NOT_DOWNLOADED_RAW
PXD005173	JPST000210	121026_CRC_N_Fr23.raw	RAW	0	NOT_DOWNLOADED_RAW
PXD005173	JPST000210	121026_CRC_N_Fr24.raw	RAW	0	NOT_DOWNLOADED_RAW
PXD005173	JPST000210	121026_CRC_N_Fr25.raw	RAW	0	NOT_DOWNLOADED_RAW
PXD005173	JPST000210	121026_CRC_N_Fr26.raw	RAW	0	NOT_DOWNLOADED_RAW
PXD005173	JPST000210	121026_CRC_N_Fr27.raw	RAW	0	NOT_DOWNLOADED_RAW
PXD005173	JPST000210	121026_CRC_N_Fr28.raw	RAW	0	NOT_DOWNLOADED_RAW
PXD005173	JPST000210	121026_CRC_N_Fr29.raw	RAW	0	NOT_DOWNLOADED_RAW
PXD005173	JPST000210	121026_CRC_N_Fr30.raw	RAW	0	NOT_DOWNLOADED_RAW
PXD005173	JPST000210	121102_CRC_T_Fr01.raw	RAW	0	NOT_DOWNLOADED_RAW
PXD005173	JPST000210	121102_CRC_T_Fr02.raw	RAW	0	NOT_DOWNLOADED_RAW
PXD005173	JPST000210	121102_CRC_T_Fr03.raw	RAW	0	NOT_DOWNLOADED_RAW
PXD005173	JPST000210	121102_CRC_T_Fr04.raw	RAW	0	NOT_DOWNLOADED_RAW
PXD005173	JPST000210	121102_CRC_T_Fr05.raw	RAW	0	NOT_DOWNLOADED_RAW
PXD005173	JPST000210	121102_CRC_T_Fr06.raw	RAW	0	NOT_DOWNLOADED_RAW
PXD005173	JPST000210	121102_CRC_T_Fr07.raw	RAW	0	NOT_DOWNLOADED_RAW
PXD005173	JPST000210	121102_CRC_T_Fr08.raw	RAW	0	NOT_DOWNLOADED_RAW
PXD005173	JPST000210	121102_CRC_T_Fr09.raw	RAW	0	NOT_DOWNLOADED_RAW
PXD005173	JPST000210	121102_CRC_T_Fr10.raw	RAW	0	NOT_DOWNLOADED_RAW
PXD005173	JPST000210	121102_CRC_T_Fr11.raw	RAW	0	NOT_DOWNLOADED_RAW
PXD005173	JPST000210	121102_CRC_T_Fr12.raw	RAW	0	NOT_DOWNLOADED_RAW
PXD005173	JPST000210	121102_CRC_T_Fr13.raw	RAW	0	NOT_DOWNLOADED_RAW
PXD005173	JPST000210	121102_CRC_T_Fr14.raw	RAW	0	NOT_DOWNLOADED_RAW
PXD005173	JPST000210	121102_CRC_T_Fr15.raw	RAW	0	NOT_DOWNLOADED_RAW
PXD005173	JPST000210	121102_CRC_T_Fr16.raw	RAW	0	NOT_DOWNLOADED_RAW
PXD005173	JPST000210	121102_CRC_T_Fr17.raw	RAW	0	NOT_DOWNLOADED_RAW
PXD005173	JPST000210	121102_CRC_T_Fr18.raw	RAW	0	NOT_DOWNLOADED_RAW
PXD005173	JPST000210	121102_CRC_T_Fr19.raw	RAW	0	NOT_DOWNLOADED_RAW
PXD005173	JPST000210	121102_CRC_T_Fr20.raw	RAW	0	NOT_DOWNLOADED_RAW
PXD005173	JPST000210	121102_CRC_T_Fr21.raw	RAW	0	NOT_DOWNLOADED_RAW
PXD005173	JPST000210	121102_CRC_T_Fr22.raw	RAW	0	NOT_DOWNLOADED_RAW
PXD005173	JPST000210	121102_CRC_T_Fr23.raw	RAW	0	NOT_DOWNLOADED_RAW
PXD005173	JPST000210	121102_CRC_T_Fr24.raw	RAW	0	NOT_DOWNLOADED_RAW
PXD005173	JPST000210	121102_CRC_T_Fr25.raw	RAW	0	NOT_DOWNLOADED_RAW
PXD005173	JPST000210	121102_CRC_T_Fr26.raw	RAW	0	NOT_DOWNLOADED_RAW
PXD005173	JPST000210	121102_CRC_T_Fr27.raw	RAW	0	NOT_DOWNLOADED_RAW
PXD005173	JPST000210	121102_CRC_T_Fr28.raw	RAW	0	NOT_DOWNLOADED_RAW
PXD005173	JPST000210	121102_CRC_T_Fr29.raw	RAW	0	NOT_DOWNLOADED_RAW
PXD005173	JPST000210	121102_CRC_T_Fr30.raw	RAW	0	NOT_DOWNLOADED_RAW
PXD005173	JPST000210	1_CRC_N_phosphopeptide list.xlsx	OTHER	0	MATCHED_STRICT_PHOSPHO_FILENAME
PXD005173	JPST000210	2_CRC_T_phosphopeptide list.xlsx	OTHER	0	MATCHED_STRICT_PHOSPHO_FILENAME
PXD005173	JPST000210	F033396.mzid	SEARCH	0	NOT_DOWNLOADED_FILENAME_FILTER
PXD005173	JPST000210	F033397.mzid	SEARCH	0	NOT_DOWNLOADED_FILENAME_FILTER
PXD005173	JPST000210	F033398.mzid	SEARCH	0	NOT_DOWNLOADED_FILENAME_FILTER
PXD005173	JPST000210	F033399.mzid	SEARCH	0	NOT_DOWNLOADED_FILENAME_FILTER
PXD005173	JPST000210	F033400.mzid	SEARCH	0	NOT_DOWNLOADED_FILENAME_FILTER
PXD005173	JPST000210	F033401.mzid	SEARCH	0	NOT_DOWNLOADED_FILENAME_FILTER
PXD005173	JPST000210	F033402.mzid	SEARCH	0	NOT_DOWNLOADED_FILENAME_FILTER
PXD005173	JPST000210	F033403.mzid	SEARCH	0	NOT_DOWNLOADED_FILENAME_FILTER
PXD005173	JPST000210	F033404.mzid	SEARCH	0	NOT_DOWNLOADED_FILENAME_FILTER
PXD005173	JPST000210	F033405.mzid	SEARCH	0	NOT_DOWNLOADED_FILENAME_FILTER
PXD005173	JPST000210	F033406.mzid	SEARCH	0	NOT_DOWNLOADED_FILENAME_FILTER
PXD005173	JPST000210	F033407.mzid	SEARCH	0	NOT_DOWNLOADED_FILENAME_FILTER
PXD005173	JPST000210	F033408.mzid	SEARCH	0	NOT_DOWNLOADED_FILENAME_FILTER
PXD005173	JPST000210	F033409.mzid	SEARCH	0	NOT_DOWNLOADED_FILENAME_FILTER
PXD005173	JPST000210	F033410.mzid	SEARCH	0	NOT_DOWNLOADED_FILENAME_FILTER
PXD005173	JPST000210	F033411.mzid	SEARCH	0	NOT_DOWNLOADED_FILENAME_FILTER
PXD005173	JPST000210	F033412.mzid	SEARCH	0	NOT_DOWNLOADED_FILENAME_FILTER
PXD005173	JPST000210	F033413.mzid	SEARCH	0	NOT_DOWNLOADED_FILENAME_FILTER
PXD005173	JPST000210	F033414.mzid	SEARCH	0	NOT_DOWNLOADED_FILENAME_FILTER
PXD005173	JPST000210	F033415.mzid	SEARCH	0	NOT_DOWNLOADED_FILENAME_FILTER
PXD005173	JPST000210	F033416.mzid	SEARCH	0	NOT_DOWNLOADED_FILENAME_FILTER
PXD005173	JPST000210	F033417.mzid	SEARCH	0	NOT_DOWNLOADED_FILENAME_FILTER
PXD005173	JPST000210	F033418.mzid	SEARCH	0	NOT_DOWNLOADED_FILENAME_FILTER
PXD005173	JPST000210	F033419.mzid	SEARCH	0	NOT_DOWNLOADED_FILENAME_FILTER
PXD005173	JPST000210	F033420.mzid	SEARCH	0	NOT_DOWNLOADED_FILENAME_FILTER
PXD005173	JPST000210	F033421.mzid	SEARCH	0	NOT_DOWNLOADED_FILENAME_FILTER
PXD005173	JPST000210	F033422.mzid	SEARCH	0	NOT_DOWNLOADED_FILENAME_FILTER
PXD005173	JPST000210	F033423.mzid	SEARCH	0	NOT_DOWNLOADED_FILENAME_FILTER
PXD005173	JPST000210	F033424.mzid	SEARCH	0	NOT_DOWNLOADED_FILENAME_FILTER
PXD005173	JPST000210	F033454.mzid	SEARCH	0	NOT_DOWNLOADED_FILENAME_FILTER
PXD005173	JPST000210	F033455.mzid	SEARCH	0	NOT_DOWNLOADED_FILENAME_FILTER
PXD005173	JPST000210	F033456.mzid	SEARCH	0	NOT_DOWNLOADED_FILENAME_FILTER
PXD005173	JPST000210	F033457.mzid	SEARCH	0	NOT_DOWNLOADED_FILENAME_FILTER
PXD005173	JPST000210	F033458.mzid	SEARCH	0	NOT_DOWNLOADED_FILENAME_FILTER
PXD005173	JPST000210	F033459.mzid	SEARCH	0	NOT_DOWNLOADED_FILENAME_FILTER
PXD005173	JPST000210	F033460.mzid	SEARCH	0	NOT_DOWNLOADED_FILENAME_FILTER
PXD005173	JPST000210	F033461.mzid	SEARCH	0	NOT_DOWNLOADED_FILENAME_FILTER
PXD005173	JPST000210	F033462.mzid	SEARCH	0	NOT_DOWNLOADED_FILENAME_FILTER
PXD005173	JPST000210	F033463.mzid	SEARCH	0	NOT_DOWNLOADED_FILENAME_FILTER
PXD005173	JPST000210	F033464.mzid	SEARCH	0	NOT_DOWNLOADED_FILENAME_FILTER
PXD005173	JPST000210	F033465.mzid	SEARCH	0	NOT_DOWNLOADED_FILENAME_FILTER
PXD005173	JPST000210	F033466.mzid	SEARCH	0	NOT_DOWNLOADED_FILENAME_FILTER
PXD005173	JPST000210	F033467.mzid	SEARCH	0	NOT_DOWNLOADED_FILENAME_FILTER
PXD005173	JPST000210	F033468.mzid	SEARCH	0	NOT_DOWNLOADED_FILENAME_FILTER
PXD005173	JPST000210	F033469.mzid	SEARCH	0	NOT_DOWNLOADED_FILENAME_FILTER
PXD005173	JPST000210	F033470.mzid	SEARCH	0	NOT_DOWNLOADED_FILENAME_FILTER
PXD005173	JPST000210	F033471.mzid	SEARCH	0	NOT_DOWNLOADED_FILENAME_FILTER
PXD005173	JPST000210	F033472.mzid	SEARCH	0	NOT_DOWNLOADED_FILENAME_FILTER
PXD005173	JPST000210	F033473.mzid	SEARCH	0	NOT_DOWNLOADED_FILENAME_FILTER
PXD005173	JPST000210	F033474.mzid	SEARCH	0	NOT_DOWNLOADED_FILENAME_FILTER
PXD005173	JPST000210	F033475.mzid	SEARCH	0	NOT_DOWNLOADED_FILENAME_FILTER
PXD005173	JPST000210	F033476.mzid	SEARCH	0	NOT_DOWNLOADED_FILENAME_FILTER
PXD005173	JPST000210	F033477.mzid	SEARCH	0	NOT_DOWNLOADED_FILENAME_FILTER
PXD005173	JPST000210	F033478.mzid	SEARCH	0	NOT_DOWNLOADED_FILENAME_FILTER
PXD005173	JPST000210	F033479.mzid	SEARCH	0	NOT_DOWNLOADED_FILENAME_FILTER
PXD005173	JPST000210	F033480.mzid	SEARCH	0	NOT_DOWNLOADED_FILENAME_FILTER
PXD005173	JPST000210	F033481.mzid	SEARCH	0	NOT_DOWNLOADED_FILENAME_FILTER
PXD005173	JPST000210	F033482.mzid	SEARCH	0	NOT_DOWNLOADED_FILENAME_FILTER
PXD005173	JPST000210	F033483.mzid	SEARCH	0	NOT_DOWNLOADED_FILENAME_FILTER
PXD014997	PXD014997	10.raw	RAW	2099344060	NOT_DOWNLOADED_RAW
PXD014997	PXD014997	11.raw	RAW	1333269073	NOT_DOWNLOADED_RAW
PXD014997	PXD014997	12.raw	RAW	1629841328	NOT_DOWNLOADED_RAW
PXD014997	PXD014997	13.raw	RAW	1785349317	NOT_DOWNLOADED_RAW
PXD014997	PXD014997	14.raw	RAW	1660247790	NOT_DOWNLOADED_RAW
PXD014997	PXD014997	15a_again.raw	RAW	1904612459	NOT_DOWNLOADED_RAW
PXD014997	PXD014997	17a.raw	RAW	1589904166	NOT_DOWNLOADED_RAW
PXD014997	PXD014997	18.raw	RAW	1555267374	NOT_DOWNLOADED_RAW
PXD014997	PXD014997	19.raw	RAW	1467576076	NOT_DOWNLOADED_RAW
PXD014997	PXD014997	20.raw	RAW	1657992260	NOT_DOWNLOADED_RAW
PXD014997	PXD014997	20160218_AML-SS_P23_x1.raw	RAW	1722414253	NOT_DOWNLOADED_RAW
PXD014997	PXD014997	20160218_AML-SS_P23_x2.raw	RAW	1791572752	NOT_DOWNLOADED_RAW
PXD014997	PXD014997	20160218_AML-SS_P23_x3.raw	RAW	1733273634	NOT_DOWNLOADED_RAW
PXD014997	PXD014997	20160218_AML-SS_P42_x1.raw	RAW	1768167080	NOT_DOWNLOADED_RAW
PXD014997	PXD014997	20160218_AML-SS_P42_x2.raw	RAW	1830435274	NOT_DOWNLOADED_RAW
PXD014997	PXD014997	20160218_AML-SS_P42_x3.raw	RAW	1722670309	NOT_DOWNLOADED_RAW
PXD014997	PXD014997	20160219_AML-SS_P2a_x1.raw	RAW	1698563102	NOT_DOWNLOADED_RAW
PXD014997	PXD014997	20160219_AML-SS_P2a_x2.raw	RAW	1755439577	NOT_DOWNLOADED_RAW
PXD014997	PXD014997	20160219_AML-SS_P2a_x3.raw	RAW	1853729702	NOT_DOWNLOADED_RAW
PXD014997	PXD014997	20160221_AML-SS_P21_x1.raw	RAW	1785007860	NOT_DOWNLOADED_RAW
PXD014997	PXD014997	20160221_AML-SS_P21_x2.raw	RAW	1833354977	NOT_DOWNLOADED_RAW
PXD014997	PXD014997	20160221_AML-SS_P21_x3.raw	RAW	1736393415	NOT_DOWNLOADED_RAW
PXD014997	PXD014997	20160221_AML-SS_P30_x1.raw	RAW	1753695079	NOT_DOWNLOADED_RAW
PXD014997	PXD014997	20160221_AML-SS_P30_x2.raw	RAW	1751541497	NOT_DOWNLOADED_RAW
PXD014997	PXD014997	20160221_AML-SS_P30_x3.raw	RAW	1738490660	NOT_DOWNLOADED_RAW
PXD014997	PXD014997	20160222_AML-SS_P12_x1.raw	RAW	1772113811	NOT_DOWNLOADED_RAW
PXD014997	PXD014997	20160222_AML-SS_P12_x2.raw	RAW	1836259562	NOT_DOWNLOADED_RAW
PXD014997	PXD014997	20160222_AML-SS_P12_x3.raw	RAW	1788915815	NOT_DOWNLOADED_RAW
PXD014997	PXD014997	20160223_P40a_x1.raw	RAW	1774611716	NOT_DOWNLOADED_RAW
PXD014997	PXD014997	20160223_P40a_x2.raw	RAW	1819465452	NOT_DOWNLOADED_RAW
PXD014997	PXD014997	20160223_P40a_x3.raw	RAW	1761702868	NOT_DOWNLOADED_RAW
PXD014997	PXD014997	20160224_AML-SS_P19_x1.raw	RAW	1763235955	NOT_DOWNLOADED_RAW
PXD014997	PXD014997	20160224_AML-SS_P19_x2.raw	RAW	1806576308	NOT_DOWNLOADED_RAW
PXD014997	PXD014997	20160224_AML-SS_P19_x3.raw	RAW	1723561003	NOT_DOWNLOADED_RAW
PXD014997	PXD014997	20160224_AML-SS_P46_x1.raw	RAW	1798633440	NOT_DOWNLOADED_RAW
PXD014997	PXD014997	20160224_AML-SS_P46_x2.raw	RAW	1849916939	NOT_DOWNLOADED_RAW
PXD014997	PXD014997	20160224_AML-SS_P46_x3.raw	RAW	1783207081	NOT_DOWNLOADED_RAW
PXD014997	PXD014997	20160224_AML-SS_P4_x1.raw	RAW	1752429994	NOT_DOWNLOADED_RAW
PXD014997	PXD014997	20160224_AML-SS_P4_x2.raw	RAW	1842410134	NOT_DOWNLOADED_RAW
PXD014997	PXD014997	20160224_AML-SS_P4_x3.raw	RAW	1757312635	NOT_DOWNLOADED_RAW
PXD014997	PXD014997	20160226_AML-SS_P17a_x1.raw	RAW	1744559826	NOT_DOWNLOADED_RAW
PXD014997	PXD014997	20160226_AML-SS_P17a_x2.raw	RAW	1822884263	NOT_DOWNLOADED_RAW
PXD014997	PXD014997	20160226_AML-SS_P17a_x3.raw	RAW	1733920047	NOT_DOWNLOADED_RAW
PXD014997	PXD014997	20160226_AML-SS_P26_x1.raw	RAW	1712641239	NOT_DOWNLOADED_RAW
PXD014997	PXD014997	20160226_AML-SS_P26_x2.raw	RAW	1776987137	NOT_DOWNLOADED_RAW
PXD014997	PXD014997	20160226_AML-SS_P26_x3.raw	RAW	1678759643	NOT_DOWNLOADED_RAW
PXD014997	PXD014997	20160226_AML-SS_P51a_x1.raw	RAW	1765215637	NOT_DOWNLOADED_RAW
PXD014997	PXD014997	20160226_AML-SS_P51a_x2.raw	RAW	1850730594	NOT_DOWNLOADED_RAW
PXD014997	PXD014997	20160226_AML-SS_P51a_x3.raw	RAW	1724767259	NOT_DOWNLOADED_RAW
PXD014997	PXD014997	20160228_AML-SS_P20_x1.raw	RAW	1766676648	NOT_DOWNLOADED_RAW
PXD014997	PXD014997	20160228_AML-SS_P20_x2.raw	RAW	1863767859	NOT_DOWNLOADED_RAW
PXD014997	PXD014997	20160228_AML-SS_P20_x3.raw	RAW	1753907675	NOT_DOWNLOADED_RAW
PXD014997	PXD014997	20160228_AML-SS_P49_x1.raw	RAW	1758342730	NOT_DOWNLOADED_RAW
PXD014997	PXD014997	20160228_AML-SS_P49_x2.raw	RAW	1834483410	NOT_DOWNLOADED_RAW
PXD014997	PXD014997	20160228_AML-SS_P49_x3.raw	RAW	1759288535	NOT_DOWNLOADED_RAW
PXD014997	PXD014997	20160229_AML-SS_P14_x1.raw	RAW	1714468580	NOT_DOWNLOADED_RAW
PXD014997	PXD014997	20160229_AML-SS_P14_x2.raw	RAW	1809654546	NOT_DOWNLOADED_RAW
PXD014997	PXD014997	20160229_AML-SS_P14_x3.raw	RAW	1750832558	NOT_DOWNLOADED_RAW
PXD014997	PXD014997	20160301_AML-SS_P22_x1.raw	RAW	1717603288	NOT_DOWNLOADED_RAW
PXD014997	PXD014997	20160301_AML-SS_P22_x2.raw	RAW	1781254475	NOT_DOWNLOADED_RAW
PXD014997	PXD014997	20160301_AML-SS_P22_x3.raw	RAW	1683037507	NOT_DOWNLOADED_RAW
PXD014997	PXD014997	20160301_AML-SS_P32a_x1.raw	RAW	1741313862	NOT_DOWNLOADED_RAW
PXD014997	PXD014997	20160301_AML-SS_P32a_x2.raw	RAW	1819684038	NOT_DOWNLOADED_RAW
PXD014997	PXD014997	20160301_AML-SS_P32a_x3.raw	RAW	1704547869	NOT_DOWNLOADED_RAW
PXD014997	PXD014997	20160301_AML-SS_P5_x1.raw	RAW	1799029664	NOT_DOWNLOADED_RAW
PXD014997	PXD014997	20160301_AML-SS_P5_x2.raw	RAW	1837686633	NOT_DOWNLOADED_RAW
PXD014997	PXD014997	20160301_AML-SS_P5_x3.raw	RAW	1755873327	NOT_DOWNLOADED_RAW
PXD014997	PXD014997	20160302_AML-SS_P13_x1.raw	RAW	1764548033	NOT_DOWNLOADED_RAW
PXD014997	PXD014997	20160302_AML-SS_P13_x2.raw	RAW	1800195094	NOT_DOWNLOADED_RAW
PXD014997	PXD014997	20160302_AML-SS_P13_x3.raw	RAW	1712373861	NOT_DOWNLOADED_RAW
PXD014997	PXD014997	20160303_AML-SS_P50_x1.raw	RAW	1777094758	NOT_DOWNLOADED_RAW
PXD014997	PXD014997	20160303_AML-SS_P50_x2.raw	RAW	1819966013	NOT_DOWNLOADED_RAW
PXD014997	PXD014997	20160303_AML-SS_P50_x3.raw	RAW	1741252639	NOT_DOWNLOADED_RAW
PXD014997	PXD014997	20160303_AML-SS_P53_x1.raw	RAW	1760830365	NOT_DOWNLOADED_RAW
PXD014997	PXD014997	20160303_AML-SS_P53_x2.raw	RAW	1840188352	NOT_DOWNLOADED_RAW
PXD014997	PXD014997	20160303_AML-SS_P53_x3.raw	RAW	1775493027	NOT_DOWNLOADED_RAW
PXD014997	PXD014997	20160304_AML-SS_P15-D_x1.raw	RAW	1694110322	NOT_DOWNLOADED_RAW
PXD014997	PXD014997	20160304_AML-SS_P15-D_x2.raw	RAW	1771272253	NOT_DOWNLOADED_RAW
PXD014997	PXD014997	20160304_AML-SS_P15-D_x3.raw	RAW	1719282169	NOT_DOWNLOADED_RAW
PXD014997	PXD014997	20160305_AML-SS_P31_x1.raw	RAW	1769067122	NOT_DOWNLOADED_RAW
PXD014997	PXD014997	20160305_AML-SS_P31_x2.raw	RAW	1855467431	NOT_DOWNLOADED_RAW
PXD014997	PXD014997	20160305_AML-SS_P31_x3.raw	RAW	1742348653	NOT_DOWNLOADED_RAW
PXD014997	PXD014997	20160306_AML-SS_P11_x1.raw	RAW	1771059394	NOT_DOWNLOADED_RAW
PXD014997	PXD014997	20160306_AML-SS_P11_x2.raw	RAW	1850461596	NOT_DOWNLOADED_RAW
PXD014997	PXD014997	20160306_AML-SS_P11_x3.raw	RAW	1759681445	NOT_DOWNLOADED_RAW
PXD014997	PXD014997	20160307_AML-SS_P34a_x1.raw	RAW	1806073889	NOT_DOWNLOADED_RAW
PXD014997	PXD014997	20160307_AML-SS_P34a_x2.raw	RAW	1867596580	NOT_DOWNLOADED_RAW
PXD014997	PXD014997	20160307_AML-SS_P34a_x3.raw	RAW	1758629135	NOT_DOWNLOADED_RAW
PXD014997	PXD014997	20160308_AML-SS_P18_x1.raw	RAW	1727313851	NOT_DOWNLOADED_RAW
PXD014997	PXD014997	20160308_AML-SS_P18_x2.raw	RAW	1819785285	NOT_DOWNLOADED_RAW
PXD014997	PXD014997	20160308_AML-SS_P18_x3.raw	RAW	1724684715	NOT_DOWNLOADED_RAW
PXD014997	PXD014997	20160308_AML-SS_P47_x1.raw	RAW	1734753818	NOT_DOWNLOADED_RAW
PXD014997	PXD014997	20160308_AML-SS_P47_x2.raw	RAW	1803115486	NOT_DOWNLOADED_RAW
PXD014997	PXD014997	20160308_AML-SS_P47_x3.raw	RAW	1669059385	NOT_DOWNLOADED_RAW
PXD014997	PXD014997	20160309_AML-SS_P9a_x1.raw	RAW	1747802086	NOT_DOWNLOADED_RAW
PXD014997	PXD014997	20160309_AML-SS_P9a_x2.raw	RAW	1835253054	NOT_DOWNLOADED_RAW
PXD014997	PXD014997	20160309_AML-SS_P9a_x3.raw	RAW	1713853461	NOT_DOWNLOADED_RAW
PXD014997	PXD014997	20160310_AML-SS_P44_x1.raw	RAW	1679509480	NOT_DOWNLOADED_RAW
PXD014997	PXD014997	20160310_AML-SS_P44_x2.raw	RAW	1816975515	NOT_DOWNLOADED_RAW
PXD014997	PXD014997	20160310_AML-SS_P44_x3.raw	RAW	1722044919	NOT_DOWNLOADED_RAW
PXD014997	PXD014997	20160311_AML-SS_P3_x1.raw	RAW	1616034865	NOT_DOWNLOADED_RAW
PXD014997	PXD014997	20160311_AML-SS_P3_x2.raw	RAW	1683687273	NOT_DOWNLOADED_RAW
PXD014997	PXD014997	20160311_AML-SS_P3_x3.raw	RAW	1646777038	NOT_DOWNLOADED_RAW
PXD014997	PXD014997	20160312_AML-SS_P37_x1.raw	RAW	1700731436	NOT_DOWNLOADED_RAW
PXD014997	PXD014997	20160312_AML-SS_P37_x2.raw	RAW	1794755743	NOT_DOWNLOADED_RAW
PXD014997	PXD014997	20160312_AML-SS_P37_x3.raw	RAW	1696947557	NOT_DOWNLOADED_RAW
PXD014997	PXD014997	20160312_AML-SS_P43_x1.raw	RAW	1676173478	NOT_DOWNLOADED_RAW
PXD014997	PXD014997	20160312_AML-SS_P43_x2.raw	RAW	1732926382	NOT_DOWNLOADED_RAW
PXD014997	PXD014997	20160312_AML-SS_P43_x3.raw	RAW	1660003288	NOT_DOWNLOADED_RAW
PXD014997	PXD014997	20160314_AML-SS_P36_x1.raw	RAW	1655047065	NOT_DOWNLOADED_RAW
PXD014997	PXD014997	20160314_AML-SS_P36_x2.raw	RAW	1740628111	NOT_DOWNLOADED_RAW
PXD014997	PXD014997	20160314_AML-SS_P36_x3.raw	RAW	1643773333	NOT_DOWNLOADED_RAW
PXD014997	PXD014997	20160314_AML-SS_P6D_x1.raw	RAW	1591807669	NOT_DOWNLOADED_RAW
PXD014997	PXD014997	20160314_AML-SS_P6D_x2.raw	RAW	1619905997	NOT_DOWNLOADED_RAW
PXD014997	PXD014997	20160314_AML-SS_P6D_x3.raw	RAW	1630742032	NOT_DOWNLOADED_RAW
PXD014997	PXD014997	20160315_AML-SS_P45_x1.raw	RAW	1605962477	NOT_DOWNLOADED_RAW
PXD014997	PXD014997	20160315_AML-SS_P45_x2.raw	RAW	1662890063	NOT_DOWNLOADED_RAW
PXD014997	PXD014997	20160315_AML-SS_P45_x3.raw	RAW	1690847153	NOT_DOWNLOADED_RAW
PXD014997	PXD014997	20160315_AML-SS_P52_x1.raw	RAW	1624966801	NOT_DOWNLOADED_RAW
PXD014997	PXD014997	20160315_AML-SS_P52_x2.raw	RAW	1651249382	NOT_DOWNLOADED_RAW
PXD014997	PXD014997	20160315_AML-SS_P52_x3.raw	RAW	1704375949	NOT_DOWNLOADED_RAW
PXD014997	PXD014997	20160318_AML-SS_P48_x1.raw	RAW	1666497875	NOT_DOWNLOADED_RAW
PXD014997	PXD014997	20160318_AML-SS_P48_x2.raw	RAW	1742582730	NOT_DOWNLOADED_RAW
PXD014997	PXD014997	20160318_AML-SS_P48_x3.raw	RAW	1696511811	NOT_DOWNLOADED_RAW
PXD014997	PXD014997	20160319_AML-SS_P10_x1.raw	RAW	1668592040	NOT_DOWNLOADED_RAW
PXD014997	PXD014997	20160319_AML-SS_P10_x2.raw	RAW	1685710891	NOT_DOWNLOADED_RAW
PXD014997	PXD014997	20160319_AML-SS_P10_x3.raw	RAW	1978939001	NOT_DOWNLOADED_RAW
PXD014997	PXD014997	20160319_AML-SS_P24_x1.raw	RAW	1692395701	NOT_DOWNLOADED_RAW
PXD014997	PXD014997	20160319_AML-SS_P24_x2.raw	RAW	1774422086	NOT_DOWNLOADED_RAW
PXD014997	PXD014997	20160319_AML-SS_P24_x3.raw	RAW	1695794181	NOT_DOWNLOADED_RAW
PXD014997	PXD014997	20160319_AML-SS_P29_x1.raw	RAW	1687621531	NOT_DOWNLOADED_RAW
PXD014997	PXD014997	20160319_AML-SS_P29_x2.raw	RAW	1748380648	NOT_DOWNLOADED_RAW
PXD014997	PXD014997	20160319_AML-SS_P29_x3.raw	RAW	1706462105	NOT_DOWNLOADED_RAW
PXD014997	PXD014997	21.raw	RAW	1434473159	NOT_DOWNLOADED_RAW
PXD014997	PXD014997	22_again.raw	RAW	1797855067	NOT_DOWNLOADED_RAW
PXD014997	PXD014997	23.raw	RAW	1518381394	NOT_DOWNLOADED_RAW
PXD014997	PXD014997	24.raw	RAW	1504522414	NOT_DOWNLOADED_RAW
PXD014997	PXD014997	26_again.raw	RAW	1604899195	NOT_DOWNLOADED_RAW
PXD014997	PXD014997	29.raw	RAW	1451510831	NOT_DOWNLOADED_RAW
PXD014997	PXD014997	2a_again.raw	RAW	1825548560	NOT_DOWNLOADED_RAW
PXD014997	PXD014997	3.raw	RAW	1929850909	NOT_DOWNLOADED_RAW
PXD014997	PXD014997	30.raw	RAW	2170546580	NOT_DOWNLOADED_RAW
PXD014997	PXD014997	31_again.raw	RAW	1533264258	NOT_DOWNLOADED_RAW
PXD014997	PXD014997	32a.raw	RAW	1525864287	NOT_DOWNLOADED_RAW
PXD014997	PXD014997	34a.raw	RAW	1354806697	NOT_DOWNLOADED_RAW
PXD014997	PXD014997	36_HF_3h.raw	RAW	1330072895	NOT_DOWNLOADED_RAW
PXD014997	PXD014997	37_again.raw	RAW	1573921183	NOT_DOWNLOADED_RAW
PXD014997	PXD014997	4.raw	RAW	1485366040	NOT_DOWNLOADED_RAW
PXD014997	PXD014997	40a.raw	RAW	1453115665	NOT_DOWNLOADED_RAW
PXD014997	PXD014997	42.raw	RAW	1506523359	NOT_DOWNLOADED_RAW
PXD014997	PXD014997	43.raw	RAW	1753628460	NOT_DOWNLOADED_RAW
PXD014997	PXD014997	44.raw	RAW	1503623292	NOT_DOWNLOADED_RAW
PXD014997	PXD014997	45.raw	RAW	2042508054	NOT_DOWNLOADED_RAW
PXD014997	PXD014997	46_HF_3h.raw	RAW	1491594264	NOT_DOWNLOADED_RAW
PXD014997	PXD014997	47.raw	RAW	1666197166	NOT_DOWNLOADED_RAW
PXD014997	PXD014997	48_HF_3h.raw	RAW	1375810082	NOT_DOWNLOADED_RAW
PXD014997	PXD014997	49.raw	RAW	1899696828	NOT_DOWNLOADED_RAW
PXD014997	PXD014997	5.raw	RAW	1445609724	NOT_DOWNLOADED_RAW
PXD014997	PXD014997	50.raw	RAW	1608784295	NOT_DOWNLOADED_RAW
PXD014997	PXD014997	51a.raw	RAW	1569019997	NOT_DOWNLOADED_RAW
PXD014997	PXD014997	52_again.raw	RAW	2042383552	NOT_DOWNLOADED_RAW
PXD014997	PXD014997	53_again.raw	RAW	1725928451	NOT_DOWNLOADED_RAW
PXD014997	PXD014997	6a_again.raw	RAW	2211476623	NOT_DOWNLOADED_RAW
PXD014997	PXD014997	9a.raw	RAW	1812290014	NOT_DOWNLOADED_RAW
PXD014997	PXD014997	AML-OSvsNS_LF_P10.raw	RAW	1658220188	NOT_DOWNLOADED_RAW
PXD014997	PXD014997	AML-OSvsNS_LF_P11.raw	RAW	1806601940	NOT_DOWNLOADED_RAW
PXD014997	PXD014997	AML-OSvsNS_LF_P12.raw	RAW	1777496546	NOT_DOWNLOADED_RAW
PXD014997	PXD014997	AML-OSvsNS_LF_P13.raw	RAW	1724587619	NOT_DOWNLOADED_RAW
PXD014997	PXD014997	AML-OSvsNS_LF_P14.raw	RAW	1818642654	NOT_DOWNLOADED_RAW
PXD014997	PXD014997	AML-OSvsNS_LF_P15D.raw	RAW	1681759468	NOT_DOWNLOADED_RAW
PXD014997	PXD014997	AML-OSvsNS_LF_P17a.raw	RAW	1843591298	NOT_DOWNLOADED_RAW
PXD014997	PXD014997	AML-OSvsNS_LF_P18.raw	RAW	1774174355	NOT_DOWNLOADED_RAW
PXD014997	PXD014997	AML-OSvsNS_LF_P19.raw	RAW	1686276603	NOT_DOWNLOADED_RAW
PXD014997	PXD014997	AML-OSvsNS_LF_P20.raw	RAW	1794062764	NOT_DOWNLOADED_RAW
PXD014997	PXD014997	AML-OSvsNS_LF_P21.raw	RAW	1832151715	NOT_DOWNLOADED_RAW
PXD014997	PXD014997	AML-OSvsNS_LF_P22.raw	RAW	1724723643	NOT_DOWNLOADED_RAW
PXD014997	PXD014997	AML-OSvsNS_LF_P23.raw	RAW	1749020605	NOT_DOWNLOADED_RAW
PXD014997	PXD014997	AML-OSvsNS_LF_P24.raw	RAW	1777561321	NOT_DOWNLOADED_RAW
PXD014997	PXD014997	AML-OSvsNS_LF_P26.raw	RAW	1551640474	NOT_DOWNLOADED_RAW
PXD014997	PXD014997	AML-OSvsNS_LF_P29-rerun.raw	RAW	1634473543	NOT_DOWNLOADED_RAW
PXD014997	PXD014997	AML-OSvsNS_LF_P2a.raw	RAW	1772504204	NOT_DOWNLOADED_RAW
PXD014997	PXD014997	AML-OSvsNS_LF_P3.raw	RAW	1499626810	NOT_DOWNLOADED_RAW
PXD014997	PXD014997	AML-OSvsNS_LF_P30.raw	RAW	1660893956	NOT_DOWNLOADED_RAW
PXD014997	PXD014997	AML-OSvsNS_LF_P31.raw	RAW	1858148639	NOT_DOWNLOADED_RAW
PXD014997	PXD014997	AML-OSvsNS_LF_P32a.raw	RAW	1770518718	NOT_DOWNLOADED_RAW
PXD014997	PXD014997	AML-OSvsNS_LF_P34a.raw	RAW	1586859940	NOT_DOWNLOADED_RAW
PXD014997	PXD014997	AML-OSvsNS_LF_P36.raw	RAW	1540823488	NOT_DOWNLOADED_RAW
PXD014997	PXD014997	AML-OSvsNS_LF_P37.raw	RAW	1861362237	NOT_DOWNLOADED_RAW
PXD014997	PXD014997	AML-OSvsNS_LF_P4.raw	RAW	1864063004	NOT_DOWNLOADED_RAW
PXD014997	PXD014997	AML-OSvsNS_LF_P40a.raw	RAW	1802378615	NOT_DOWNLOADED_RAW
PXD014997	PXD014997	AML-OSvsNS_LF_P42.raw	RAW	1836643697	NOT_DOWNLOADED_RAW
PXD014997	PXD014997	AML-OSvsNS_LF_P43.raw	RAW	1836365734	NOT_DOWNLOADED_RAW
PXD014997	PXD014997	AML-OSvsNS_LF_P44.raw	RAW	1819449865	NOT_DOWNLOADED_RAW
PXD014997	PXD014997	AML-OSvsNS_LF_P45.raw	RAW	1468040974	NOT_DOWNLOADED_RAW
PXD014997	PXD014997	AML-OSvsNS_LF_P46.raw	RAW	1779346494	NOT_DOWNLOADED_RAW
PXD014997	PXD014997	AML-OSvsNS_LF_P47.raw	RAW	1778885982	NOT_DOWNLOADED_RAW
PXD014997	PXD014997	AML-OSvsNS_LF_P48.raw	RAW	1551044781	NOT_DOWNLOADED_RAW
PXD014997	PXD014997	AML-OSvsNS_LF_P49.raw	RAW	1859743054	NOT_DOWNLOADED_RAW
PXD014997	PXD014997	AML-OSvsNS_LF_P5.raw	RAW	1847081848	NOT_DOWNLOADED_RAW
PXD014997	PXD014997	AML-OSvsNS_LF_P50.raw	RAW	1810549333	NOT_DOWNLOADED_RAW
PXD014997	PXD014997	AML-OSvsNS_LF_P51a.raw	RAW	1805291707	NOT_DOWNLOADED_RAW
PXD014997	PXD014997	AML-OSvsNS_LF_P52.raw	RAW	1677866127	NOT_DOWNLOADED_RAW
PXD014997	PXD014997	AML-OSvsNS_LF_P53.raw	RAW	1702848370	NOT_DOWNLOADED_RAW
PXD014997	PXD014997	AML-OSvsNS_LF_P6D.raw	RAW	1530949427	NOT_DOWNLOADED_RAW
PXD014997	PXD014997	AML-OSvsNS_LF_P9a.raw	RAW	1877069274	NOT_DOWNLOADED_RAW
PXD014997	PXD014997	AML-OSvsNS_LF_QC1.raw	RAW	1201886449	NOT_DOWNLOADED_RAW
PXD014997	PXD014997	AML-OSvsNS_LF_QC11.raw	RAW	1455921052	NOT_DOWNLOADED_RAW
PXD014997	PXD014997	AML-OSvsNS_LF_QC2.raw	RAW	1481472424	NOT_DOWNLOADED_RAW
PXD014997	PXD014997	AML-OSvsNS_LF_QC3.raw	RAW	1481986783	NOT_DOWNLOADED_RAW
PXD014997	PXD014997	AML-OSvsNS_LF_QC4_Correct.raw	RAW	1436483643	NOT_DOWNLOADED_RAW
PXD014997	PXD014997	AML-OSvsNS_LF_QC5.raw	RAW	1426444598	NOT_DOWNLOADED_RAW
PXD014997	PXD014997	AML-OSvsNS_LF_QC6.raw	RAW	1418939048	NOT_DOWNLOADED_RAW
PXD014997	PXD014997	AML-OSvsNS_LF_QC7.raw	RAW	1467455522	NOT_DOWNLOADED_RAW
PXD014997	PXD014997	AML-OSvsNS_LF_QC8.raw	RAW	1465557365	NOT_DOWNLOADED_RAW
PXD014997	PXD014997	AML-OSvsNS_LF_QC9.raw	RAW	1466285635	NOT_DOWNLOADED_RAW
PXD014997	PXD014997	SEARCH-IDENTIFICATIONS_REL_FREE-RELAPSE.7z	SEARCH	3348994116	NOT_DOWNLOADED_FILENAME_FILTER
PXD014997	PXD014997	SEARCH-IDENTIFICATION_REL-FREEvsRELAPSE_Label-free.7z	SEARCH	2704357849	NOT_DOWNLOADED_FILENAME_FILTER
PXD017660	PXD017660	20180412_QE10_nLC7_DBJ_SA_COLLAB_LUND_TMT8phos_GDM-1_01.raw	RAW	2764502412	NOT_DOWNLOADED_RAW
PXD017660	PXD017660	20180412_QE10_nLC7_DBJ_SA_COLLAB_LUND_TMT8phos_GDM-1_02.raw	RAW	2751972782	NOT_DOWNLOADED_RAW
PXD017660	PXD017660	20180412_QE10_nLC7_DBJ_SA_COLLAB_LUND_TMT8phos_MV4-11_01.raw	RAW	2536894553	NOT_DOWNLOADED_RAW
PXD017660	PXD017660	20180412_QE10_nLC7_DBJ_SA_COLLAB_LUND_TMT8phos_MV4-11_02.raw	RAW	2410001039	NOT_DOWNLOADED_RAW
PXD017660	PXD017660	20180412_QE10_nLC7_DBJ_SA_COLLAB_LUND_TMT8phos_NOMO-1_01.raw	RAW	2849943608	NOT_DOWNLOADED_RAW
PXD017660	PXD017660	20180412_QE10_nLC7_DBJ_SA_COLLAB_LUND_TMT8phos_NOMO-1_02.raw	RAW	2805740036	NOT_DOWNLOADED_RAW
PXD017660	PXD017660	20180412_QE10_nLC7_DBJ_SA_COLLAB_LUND_TMT8phos_PL-21_01.raw	RAW	2485283605	NOT_DOWNLOADED_RAW
PXD017660	PXD017660	20180412_QE10_nLC7_DBJ_SA_COLLAB_LUND_TMT8phos_PL-21_02.raw	RAW	2419362096	NOT_DOWNLOADED_RAW
PXD017660	PXD017660	20180423_QE3_nLC5_DBJ_COLLAB_LUND_TMTphos_GDM-1_01.raw	RAW	1764139760	NOT_DOWNLOADED_RAW
PXD017660	PXD017660	20180423_QE3_nLC5_DBJ_COLLAB_LUND_TMTphos_GDM-1_02.raw	RAW	1619634992	NOT_DOWNLOADED_RAW
PXD017660	PXD017660	20180423_QE3_nLC5_DBJ_COLLAB_LUND_TMTphos_GDM-1_03.raw	RAW	1897536992	NOT_DOWNLOADED_RAW
PXD017660	PXD017660	20180423_QE3_nLC5_DBJ_COLLAB_LUND_TMTphos_GDM-1_04.raw	RAW	1908771980	NOT_DOWNLOADED_RAW
PXD017660	PXD017660	20180423_QE3_nLC5_DBJ_COLLAB_LUND_TMTphos_GDM-1_05.raw	RAW	1787927192	NOT_DOWNLOADED_RAW
PXD017660	PXD017660	20180423_QE3_nLC5_DBJ_COLLAB_LUND_TMTphos_GDM-1_06.raw	RAW	2710329080	NOT_DOWNLOADED_RAW
PXD017660	PXD017660	20180423_QE3_nLC5_DBJ_COLLAB_LUND_TMTphos_GDM-1_07.raw	RAW	1754449232	NOT_DOWNLOADED_RAW
PXD017660	PXD017660	20180423_QE3_nLC5_DBJ_COLLAB_LUND_TMTphos_GDM-1_08.raw	RAW	1712015132	NOT_DOWNLOADED_RAW
PXD017660	PXD017660	20180423_QE3_nLC5_DBJ_COLLAB_LUND_TMTphos_GDM-1_09.raw	RAW	1710081564	NOT_DOWNLOADED_RAW
PXD017660	PXD017660	20180423_QE3_nLC5_DBJ_COLLAB_LUND_TMTphos_GDM-1_10.raw	RAW	1760648898	NOT_DOWNLOADED_RAW
PXD017660	PXD017660	20180423_QE3_nLC5_DBJ_COLLAB_LUND_TMTphos_GDM-1_11.raw	RAW	1758958726	NOT_DOWNLOADED_RAW
PXD017660	PXD017660	20180423_QE3_nLC5_DBJ_COLLAB_LUND_TMTphos_GDM-1_12.raw	RAW	1763701582	NOT_DOWNLOADED_RAW
PXD017660	PXD017660	20180423_QE3_nLC5_DBJ_COLLAB_LUND_TMTphos_MV4-11_01.raw	RAW	1697112994	NOT_DOWNLOADED_RAW
PXD017660	PXD017660	20180423_QE3_nLC5_DBJ_COLLAB_LUND_TMTphos_MV4-11_02.raw	RAW	1785474478	NOT_DOWNLOADED_RAW
PXD017660	PXD017660	20180423_QE3_nLC5_DBJ_COLLAB_LUND_TMTphos_MV4-11_03.raw	RAW	1887736626	NOT_DOWNLOADED_RAW
PXD017660	PXD017660	20180423_QE3_nLC5_DBJ_COLLAB_LUND_TMTphos_MV4-11_04.raw	RAW	1593597286	NOT_DOWNLOADED_RAW
PXD017660	PXD017660	20180423_QE3_nLC5_DBJ_COLLAB_LUND_TMTphos_MV4-11_05.raw	RAW	1837582994	NOT_DOWNLOADED_RAW
PXD017660	PXD017660	20180423_QE3_nLC5_DBJ_COLLAB_LUND_TMTphos_MV4-11_06.raw	RAW	2300061570	NOT_DOWNLOADED_RAW
PXD017660	PXD017660	20180423_QE3_nLC5_DBJ_COLLAB_LUND_TMTphos_MV4-11_07.raw	RAW	1877787238	NOT_DOWNLOADED_RAW
PXD017660	PXD017660	20180423_QE3_nLC5_DBJ_COLLAB_LUND_TMTphos_MV4-11_08.raw	RAW	1714244982	NOT_DOWNLOADED_RAW
PXD017660	PXD017660	20180423_QE3_nLC5_DBJ_COLLAB_LUND_TMTphos_MV4-11_09.raw	RAW	1744502118	NOT_DOWNLOADED_RAW
PXD017660	PXD017660	20180423_QE3_nLC5_DBJ_COLLAB_LUND_TMTphos_MV4-11_10.raw	RAW	1737055696	NOT_DOWNLOADED_RAW
PXD017660	PXD017660	20180423_QE3_nLC5_DBJ_COLLAB_LUND_TMTphos_MV4-11_11.raw	RAW	1759454884	NOT_DOWNLOADED_RAW
PXD017660	PXD017660	20180423_QE3_nLC5_DBJ_COLLAB_LUND_TMTphos_MV4-11_12.raw	RAW	1731012832	NOT_DOWNLOADED_RAW
PXD017660	PXD017660	20180423_QE3_nLC5_DBJ_COLLAB_LUND_TMTphos_NOMO-1_01.raw	RAW	1639291598	NOT_DOWNLOADED_RAW
PXD017660	PXD017660	20180423_QE3_nLC5_DBJ_COLLAB_LUND_TMTphos_NOMO-1_02.raw	RAW	1684317974	NOT_DOWNLOADED_RAW
PXD017660	PXD017660	20180423_QE3_nLC5_DBJ_COLLAB_LUND_TMTphos_NOMO-1_03.raw	RAW	1809312814	NOT_DOWNLOADED_RAW
PXD017660	PXD017660	20180423_QE3_nLC5_DBJ_COLLAB_LUND_TMTphos_NOMO-1_04.raw	RAW	1758173846	NOT_DOWNLOADED_RAW
PXD017660	PXD017660	20180423_QE3_nLC5_DBJ_COLLAB_LUND_TMTphos_NOMO-1_05.raw	RAW	1659444386	NOT_DOWNLOADED_RAW
PXD017660	PXD017660	20180423_QE3_nLC5_DBJ_COLLAB_LUND_TMTphos_NOMO-1_06.raw	RAW	2814527258	NOT_DOWNLOADED_RAW
PXD017660	PXD017660	20180423_QE3_nLC5_DBJ_COLLAB_LUND_TMTphos_NOMO-1_07.raw	RAW	1606223842	NOT_DOWNLOADED_RAW
PXD017660	PXD017660	20180423_QE3_nLC5_DBJ_COLLAB_LUND_TMTphos_NOMO-1_08.raw	RAW	1623628630	NOT_DOWNLOADED_RAW
PXD017660	PXD017660	20180423_QE3_nLC5_DBJ_COLLAB_LUND_TMTphos_NOMO-1_09.raw	RAW	1620863778	NOT_DOWNLOADED_RAW
PXD017660	PXD017660	20180423_QE3_nLC5_DBJ_COLLAB_LUND_TMTphos_NOMO-1_10.raw	RAW	1646522184	NOT_DOWNLOADED_RAW
PXD017660	PXD017660	20180423_QE3_nLC5_DBJ_COLLAB_LUND_TMTphos_NOMO-1_11.raw	RAW	1656364432	NOT_DOWNLOADED_RAW
PXD017660	PXD017660	20180423_QE3_nLC5_DBJ_COLLAB_LUND_TMTphos_NOMO-1_12.raw	RAW	1659064032	NOT_DOWNLOADED_RAW
PXD017660	PXD017660	20180423_QE3_nLC5_DBJ_COLLAB_LUND_TMTphos_PL-21_01.raw	RAW	1723778024	NOT_DOWNLOADED_RAW
PXD017660	PXD017660	20180423_QE3_nLC5_DBJ_COLLAB_LUND_TMTphos_PL-21_02.raw	RAW	1718523004	NOT_DOWNLOADED_RAW
PXD017660	PXD017660	20180423_QE3_nLC5_DBJ_COLLAB_LUND_TMTphos_PL-21_03.raw	RAW	1900450056	NOT_DOWNLOADED_RAW
PXD017660	PXD017660	20180423_QE3_nLC5_DBJ_COLLAB_LUND_TMTphos_PL-21_04.raw	RAW	1943022164	NOT_DOWNLOADED_RAW
PXD017660	PXD017660	20180423_QE3_nLC5_DBJ_COLLAB_LUND_TMTphos_PL-21_05.raw	RAW	1854380144	NOT_DOWNLOADED_RAW
PXD017660	PXD017660	20180423_QE3_nLC5_DBJ_COLLAB_LUND_TMTphos_PL-21_06.raw	RAW	2733411272	NOT_DOWNLOADED_RAW
PXD017660	PXD017660	20180423_QE3_nLC5_DBJ_COLLAB_LUND_TMTphos_PL-21_07.raw	RAW	1774764488	NOT_DOWNLOADED_RAW
PXD017660	PXD017660	20180423_QE3_nLC5_DBJ_COLLAB_LUND_TMTphos_PL-21_08.raw	RAW	1747419720	NOT_DOWNLOADED_RAW
PXD017660	PXD017660	20180423_QE3_nLC5_DBJ_COLLAB_LUND_TMTphos_PL-21_09.raw	RAW	1767735008	NOT_DOWNLOADED_RAW
PXD017660	PXD017660	20180423_QE3_nLC5_DBJ_COLLAB_LUND_TMTphos_PL-21_10.raw	RAW	1749050646	NOT_DOWNLOADED_RAW
PXD017660	PXD017660	20180423_QE3_nLC5_DBJ_COLLAB_LUND_TMTphos_PL-21_11.raw	RAW	1792334362	NOT_DOWNLOADED_RAW
PXD017660	PXD017660	20180423_QE3_nLC5_DBJ_COLLAB_LUND_TMTphos_PL-21_12.raw	RAW	1765722322	NOT_DOWNLOADED_RAW
PXD017660	PXD017660	20180721_QE7_nLC3_KBE_COLLAB_AML_TMT_11plex_set2_TiO2phospho_12fracs_01.raw	RAW	693928466	NOT_DOWNLOADED_RAW
PXD017660	PXD017660	20180721_QE7_nLC3_KBE_COLLAB_AML_TMT_11plex_set2_TiO2phospho_12fracs_02.raw	RAW	754181406	NOT_DOWNLOADED_RAW
PXD017660	PXD017660	20180721_QE7_nLC3_KBE_COLLAB_AML_TMT_11plex_set2_TiO2phospho_12fracs_03.raw	RAW	711488806	NOT_DOWNLOADED_RAW
PXD017660	PXD017660	20180721_QE7_nLC3_KBE_COLLAB_AML_TMT_11plex_set2_TiO2phospho_12fracs_04.raw	RAW	621105154	NOT_DOWNLOADED_RAW
PXD017660	PXD017660	20180721_QE7_nLC3_KBE_COLLAB_AML_TMT_11plex_set2_TiO2phospho_12fracs_05.raw	RAW	605290858	NOT_DOWNLOADED_RAW
PXD017660	PXD017660	20180721_QE7_nLC3_KBE_COLLAB_AML_TMT_11plex_set2_TiO2phospho_12fracs_06.raw	RAW	842516474	NOT_DOWNLOADED_RAW
PXD017660	PXD017660	20180721_QE7_nLC3_KBE_COLLAB_AML_TMT_11plex_set2_TiO2phospho_12fracs_07.raw	RAW	759200354	NOT_DOWNLOADED_RAW
PXD017660	PXD017660	20180721_QE7_nLC3_KBE_COLLAB_AML_TMT_11plex_set2_TiO2phospho_12fracs_08.raw	RAW	870378034	NOT_DOWNLOADED_RAW
PXD017660	PXD017660	20180721_QE7_nLC3_KBE_COLLAB_AML_TMT_11plex_set2_TiO2phospho_12fracs_09.raw	RAW	1059545918	NOT_DOWNLOADED_RAW
PXD017660	PXD017660	20180721_QE7_nLC3_KBE_COLLAB_AML_TMT_11plex_set2_TiO2phospho_12fracs_10.raw	RAW	770551916	NOT_DOWNLOADED_RAW
PXD017660	PXD017660	20180721_QE7_nLC3_KBE_COLLAB_AML_TMT_11plex_set2_TiO2phospho_12fracs_11.raw	RAW	723580596	NOT_DOWNLOADED_RAW
PXD017660	PXD017660	20180721_QE7_nLC3_KBE_COLLAB_AML_TMT_11plex_set2_TiO2phospho_12fracs_12.raw	RAW	699391084	NOT_DOWNLOADED_RAW
PXD017660	PXD017660	20180807_QE3_nLC3_KBE_COLLAB_AML_TMT_11plex_set3_TiO2phospho_12fracs_01.raw	RAW	725586918	NOT_DOWNLOADED_RAW
PXD017660	PXD017660	20180807_QE3_nLC3_KBE_COLLAB_AML_TMT_11plex_set3_TiO2phospho_12fracs_02.raw	RAW	787088746	NOT_DOWNLOADED_RAW
PXD017660	PXD017660	20180807_QE3_nLC3_KBE_COLLAB_AML_TMT_11plex_set3_TiO2phospho_12fracs_03.raw	RAW	778529362	NOT_DOWNLOADED_RAW
PXD017660	PXD017660	20180807_QE3_nLC3_KBE_COLLAB_AML_TMT_11plex_set3_TiO2phospho_12fracs_04.raw	RAW	729128390	NOT_DOWNLOADED_RAW
PXD017660	PXD017660	20180807_QE3_nLC3_KBE_COLLAB_AML_TMT_11plex_set3_TiO2phospho_12fracs_05.raw	RAW	691916562	NOT_DOWNLOADED_RAW
PXD017660	PXD017660	20180807_QE3_nLC3_KBE_COLLAB_AML_TMT_11plex_set3_TiO2phospho_12fracs_06.raw	RAW	1014339686	NOT_DOWNLOADED_RAW
PXD017660	PXD017660	20180807_QE3_nLC3_KBE_COLLAB_AML_TMT_11plex_set3_TiO2phospho_12fracs_07.raw	RAW	711583490	NOT_DOWNLOADED_RAW
PXD017660	PXD017660	20180807_QE3_nLC3_KBE_COLLAB_AML_TMT_11plex_set3_TiO2phospho_12fracs_08.raw	RAW	740943054	NOT_DOWNLOADED_RAW
PXD017660	PXD017660	20180807_QE3_nLC3_KBE_COLLAB_AML_TMT_11plex_set3_TiO2phospho_12fracs_09.raw	RAW	888641274	NOT_DOWNLOADED_RAW
PXD017660	PXD017660	20180807_QE3_nLC3_KBE_COLLAB_AML_TMT_11plex_set3_TiO2phospho_12fracs_10.raw	RAW	795253908	NOT_DOWNLOADED_RAW
PXD017660	PXD017660	20180807_QE3_nLC3_KBE_COLLAB_AML_TMT_11plex_set3_TiO2phospho_12fracs_11.raw	RAW	676005480	NOT_DOWNLOADED_RAW
PXD017660	PXD017660	20180807_QE3_nLC3_KBE_COLLAB_AML_TMT_11plex_set3_TiO2phospho_12fracs_12.raw	RAW	762514888	NOT_DOWNLOADED_RAW
PXD017660	PXD017660	20180807_QE3_nLC3_KBE_COLLAB_AML_TMT_11plex_set4_TiO2phospho_12fracs_01.raw	RAW	730066994	NOT_DOWNLOADED_RAW
PXD017660	PXD017660	20180807_QE3_nLC3_KBE_COLLAB_AML_TMT_11plex_set4_TiO2phospho_12fracs_02.raw	RAW	786687782	NOT_DOWNLOADED_RAW
PXD017660	PXD017660	20180807_QE3_nLC3_KBE_COLLAB_AML_TMT_11plex_set4_TiO2phospho_12fracs_03.raw	RAW	797694734	NOT_DOWNLOADED_RAW
PXD017660	PXD017660	20180807_QE3_nLC3_KBE_COLLAB_AML_TMT_11plex_set4_TiO2phospho_12fracs_04.raw	RAW	808983898	NOT_DOWNLOADED_RAW
PXD017660	PXD017660	20180807_QE3_nLC3_KBE_COLLAB_AML_TMT_11plex_set4_TiO2phospho_12fracs_05.raw	RAW	734083550	NOT_DOWNLOADED_RAW
PXD017660	PXD017660	20180807_QE3_nLC3_KBE_COLLAB_AML_TMT_11plex_set4_TiO2phospho_12fracs_06.raw	RAW	1034516182	NOT_DOWNLOADED_RAW
PXD017660	PXD017660	20180807_QE3_nLC3_KBE_COLLAB_AML_TMT_11plex_set4_TiO2phospho_12fracs_07.raw	RAW	809016450	NOT_DOWNLOADED_RAW
PXD017660	PXD017660	20180807_QE3_nLC3_KBE_COLLAB_AML_TMT_11plex_set4_TiO2phospho_12fracs_08.raw	RAW	913281874	NOT_DOWNLOADED_RAW
PXD017660	PXD017660	20180807_QE3_nLC3_KBE_COLLAB_AML_TMT_11plex_set4_TiO2phospho_12fracs_09.raw	RAW	1001578674	NOT_DOWNLOADED_RAW
PXD017660	PXD017660	20180807_QE3_nLC3_KBE_COLLAB_AML_TMT_11plex_set4_TiO2phospho_12fracs_10.raw	RAW	841912260	NOT_DOWNLOADED_RAW
PXD017660	PXD017660	20180807_QE3_nLC3_KBE_COLLAB_AML_TMT_11plex_set4_TiO2phospho_12fracs_11.raw	RAW	760363256	NOT_DOWNLOADED_RAW
PXD017660	PXD017660	20180807_QE3_nLC3_KBE_COLLAB_AML_TMT_11plex_set4_TiO2phospho_12fracs_12.raw	RAW	829154332	NOT_DOWNLOADED_RAW
PXD017660	PXD017660	20180807_QE7_nLC7_KBE_COLLAB_AML_TMT_11plex_set5_TiO2phospho_12fracs_01.raw	RAW	545584726	NOT_DOWNLOADED_RAW
PXD017660	PXD017660	20180807_QE7_nLC7_KBE_COLLAB_AML_TMT_11plex_set5_TiO2phospho_12fracs_02.raw	RAW	544553002	NOT_DOWNLOADED_RAW
PXD017660	PXD017660	20180807_QE7_nLC7_KBE_COLLAB_AML_TMT_11plex_set5_TiO2phospho_12fracs_03.raw	RAW	580453722	NOT_DOWNLOADED_RAW
PXD017660	PXD017660	20180807_QE7_nLC7_KBE_COLLAB_AML_TMT_11plex_set5_TiO2phospho_12fracs_04.raw	RAW	576208714	NOT_DOWNLOADED_RAW
PXD017660	PXD017660	20180807_QE7_nLC7_KBE_COLLAB_AML_TMT_11plex_set5_TiO2phospho_12fracs_05.raw	RAW	591612726	NOT_DOWNLOADED_RAW
PXD017660	PXD017660	20180807_QE7_nLC7_KBE_COLLAB_AML_TMT_11plex_set5_TiO2phospho_12fracs_06.raw	RAW	810456982	NOT_DOWNLOADED_RAW
PXD017660	PXD017660	20180807_QE7_nLC7_KBE_COLLAB_AML_TMT_11plex_set5_TiO2phospho_12fracs_07.raw	RAW	637501170	NOT_DOWNLOADED_RAW
PXD017660	PXD017660	20180807_QE7_nLC7_KBE_COLLAB_AML_TMT_11plex_set5_TiO2phospho_12fracs_08.raw	RAW	609485846	NOT_DOWNLOADED_RAW
PXD017660	PXD017660	20180807_QE7_nLC7_KBE_COLLAB_AML_TMT_11plex_set5_TiO2phospho_12fracs_09.raw	RAW	673369570	NOT_DOWNLOADED_RAW
PXD017660	PXD017660	20180807_QE7_nLC7_KBE_COLLAB_AML_TMT_11plex_set5_TiO2phospho_12fracs_10.raw	RAW	594509948	NOT_DOWNLOADED_RAW
PXD017660	PXD017660	20180807_QE7_nLC7_KBE_COLLAB_AML_TMT_11plex_set5_TiO2phospho_12fracs_11.raw	RAW	545007840	NOT_DOWNLOADED_RAW
PXD017660	PXD017660	20180807_QE7_nLC7_KBE_COLLAB_AML_TMT_11plex_set5_TiO2phospho_12fracs_12.raw	RAW	583803192	NOT_DOWNLOADED_RAW
PXD017660	PXD017660	MaxQuant_Selinexor_AML_TMT8_TMT11.txt.zip	SEARCH	2670368442	NOT_DOWNLOADED_FILENAME_FILTER
PXD032110	MSV000089012	F003900.mztab	RESULT	0	NOT_DOWNLOADED_FILENAME_FILTER
PXD032110	MSV000089012	F003900.mztab	RESULT	0	NOT_DOWNLOADED_FILENAME_FILTER
PXD032110	MSV000089012	F003901.mztab	RESULT	0	NOT_DOWNLOADED_FILENAME_FILTER
PXD032110	MSV000089012	F003901.mztab	RESULT	0	NOT_DOWNLOADED_FILENAME_FILTER
PXD032110	MSV000089012	F003902.mztab	RESULT	0	NOT_DOWNLOADED_FILENAME_FILTER
PXD032110	MSV000089012	F003902.mztab	RESULT	0	NOT_DOWNLOADED_FILENAME_FILTER
PXD032110	MSV000089012	F003903.mztab	RESULT	0	NOT_DOWNLOADED_FILENAME_FILTER
PXD032110	MSV000089012	F003903.mztab	RESULT	0	NOT_DOWNLOADED_FILENAME_FILTER
PXD032110	MSV000089012	F003904.mztab	RESULT	0	NOT_DOWNLOADED_FILENAME_FILTER
PXD032110	MSV000089012	F003904.mztab	RESULT	0	NOT_DOWNLOADED_FILENAME_FILTER
PXD032110	MSV000089012	F004073.mztab	RESULT	0	NOT_DOWNLOADED_FILENAME_FILTER
PXD032110	MSV000089012	F004073.mztab	RESULT	0	NOT_DOWNLOADED_FILENAME_FILTER
PXD032110	MSV000089012	F004103.mztab	RESULT	0	NOT_DOWNLOADED_FILENAME_FILTER
PXD032110	MSV000089012	F004103.mztab	RESULT	0	NOT_DOWNLOADED_FILENAME_FILTER
PXD032110	MSV000089012	F004106.mztab	RESULT	0	NOT_DOWNLOADED_FILENAME_FILTER
PXD032110	MSV000089012	F004106.mztab	RESULT	0	NOT_DOWNLOADED_FILENAME_FILTER
PXD032110	MSV000089012	F004107.mztab	RESULT	0	NOT_DOWNLOADED_FILENAME_FILTER
PXD032110	MSV000089012	F004107.mztab	RESULT	0	NOT_DOWNLOADED_FILENAME_FILTER
PXD032110	MSV000089012	F004109.mztab	RESULT	0	NOT_DOWNLOADED_FILENAME_FILTER
PXD032110	MSV000089012	F004109.mztab	RESULT	0	NOT_DOWNLOADED_FILENAME_FILTER
PXD032110	MSV000089012	F004116.mztab	RESULT	0	NOT_DOWNLOADED_FILENAME_FILTER
PXD032110	MSV000089012	F004116.mztab	RESULT	0	NOT_DOWNLOADED_FILENAME_FILTER
PXD032110	MSV000089012	F004117.mztab	RESULT	0	NOT_DOWNLOADED_FILENAME_FILTER
PXD032110	MSV000089012	F004117.mztab	RESULT	0	NOT_DOWNLOADED_FILENAME_FILTER
PXD032110	MSV000089012	Ley_256_4287_8141_100.raw	RAW	0	NOT_DOWNLOADED_RAW
PXD032110	MSV000089012	Ley_256_4287_8141_101.raw	RAW	0	NOT_DOWNLOADED_RAW
PXD032110	MSV000089012	Ley_256_4287_8141_102.raw	RAW	0	NOT_DOWNLOADED_RAW
PXD032110	MSV000089012	Ley_256_4287_8141_103.raw	RAW	0	NOT_DOWNLOADED_RAW
PXD032110	MSV000089012	Ley_256_4287_8141_104.raw	RAW	0	NOT_DOWNLOADED_RAW
PXD032110	MSV000089012	Ley_256_4287_8141_105.raw	RAW	0	NOT_DOWNLOADED_RAW
PXD032110	MSV000089012	Ley_256_4287_8141_106.raw	RAW	0	NOT_DOWNLOADED_RAW
PXD032110	MSV000089012	Ley_256_4287_8141_107.raw	RAW	0	NOT_DOWNLOADED_RAW
PXD032110	MSV000089012	Ley_256_4287_8141_108.raw	RAW	0	NOT_DOWNLOADED_RAW
PXD032110	MSV000089012	Ley_256_4287_8141_109.raw	RAW	0	NOT_DOWNLOADED_RAW
PXD032110	MSV000089012	Ley_256_4287_8141_110.raw	RAW	0	NOT_DOWNLOADED_RAW
PXD032110	MSV000089012	Ley_256_4287_8141_111.raw	RAW	0	NOT_DOWNLOADED_RAW
PXD032110	MSV000089012	Ley_256_4287_8141_112.raw	RAW	0	NOT_DOWNLOADED_RAW
PXD032110	MSV000089012	Ley_256_4287_8141_113.raw	RAW	0	NOT_DOWNLOADED_RAW
PXD032110	MSV000089012	Ley_256_4287_8141_114.raw	RAW	0	NOT_DOWNLOADED_RAW
PXD032110	MSV000089012	Ley_256_4287_8141_115.raw	RAW	0	NOT_DOWNLOADED_RAW
PXD032110	MSV000089012	Ley_256_4287_8141_116.raw	RAW	0	NOT_DOWNLOADED_RAW
PXD032110	MSV000089012	Ley_256_4287_8141_117.raw	RAW	0	NOT_DOWNLOADED_RAW
PXD032110	MSV000089012	Ley_256_4287_8141_118.raw	RAW	0	NOT_DOWNLOADED_RAW
PXD032110	MSV000089012	Ley_256_4287_8141_119.raw	RAW	0	NOT_DOWNLOADED_RAW
PXD032110	MSV000089012	Ley_256_4287_8141_120.raw	RAW	0	NOT_DOWNLOADED_RAW
PXD032110	MSV000089012	Ley_256_4287_8141_121.raw	RAW	0	NOT_DOWNLOADED_RAW
PXD032110	MSV000089012	Ley_256_4287_8141_122.raw	RAW	0	NOT_DOWNLOADED_RAW
PXD032110	MSV000089012	Ley_256_4287_8141_123.raw	RAW	0	NOT_DOWNLOADED_RAW
PXD032110	MSV000089012	Ley_256_4287_8141_124.raw	RAW	0	NOT_DOWNLOADED_RAW
PXD032110	MSV000089012	Ley_256_4287_8141_125.raw	RAW	0	NOT_DOWNLOADED_RAW
PXD032110	MSV000089012	Ley_256_4287_8141_126.raw	RAW	0	NOT_DOWNLOADED_RAW
PXD032110	MSV000089012	Ley_256_4287_8141_127.raw	RAW	0	NOT_DOWNLOADED_RAW
PXD032110	MSV000089012	Ley_256_4287_8141_128.raw	RAW	0	NOT_DOWNLOADED_RAW
PXD032110	MSV000089012	Ley_256_4287_8141_129.raw	RAW	0	NOT_DOWNLOADED_RAW
PXD032110	MSV000089012	Ley_256_4287_8141_130.raw	RAW	0	NOT_DOWNLOADED_RAW
PXD032110	MSV000089012	Ley_256_4287_8141_131.raw	RAW	0	NOT_DOWNLOADED_RAW
PXD032110	MSV000089012	Ley_256_4287_8141_132.raw	RAW	0	NOT_DOWNLOADED_RAW
PXD032110	MSV000089012	Ley_256_4287_8141_133.raw	RAW	0	NOT_DOWNLOADED_RAW
PXD032110	MSV000089012	Ley_256_4287_8141_134.raw	RAW	0	NOT_DOWNLOADED_RAW
PXD032110	MSV000089012	Ley_256_4287_8141_135.raw	RAW	0	NOT_DOWNLOADED_RAW
PXD032110	MSV000089012	Ley_256_4287_8141_136.raw	RAW	0	NOT_DOWNLOADED_RAW
PXD032110	MSV000089012	Ley_256_4287_8141_137.raw	RAW	0	NOT_DOWNLOADED_RAW
PXD032110	MSV000089012	Ley_256_4287_8141_138.raw	RAW	0	NOT_DOWNLOADED_RAW
PXD032110	MSV000089012	Ley_256_4287_8141_139.raw	RAW	0	NOT_DOWNLOADED_RAW
PXD032110	MSV000089012	Ley_256_4287_8141_140.raw	RAW	0	NOT_DOWNLOADED_RAW
PXD032110	MSV000089012	Ley_256_4287_8141_141.raw	RAW	0	NOT_DOWNLOADED_RAW
PXD032110	MSV000089012	Ley_256_4287_8141_142.raw	RAW	0	NOT_DOWNLOADED_RAW
PXD032110	MSV000089012	Ley_256_4287_8141_143.raw	RAW	0	NOT_DOWNLOADED_RAW
PXD032110	MSV000089012	Ley_256_4287_8141_144.raw	RAW	0	NOT_DOWNLOADED_RAW
PXD032110	MSV000089012	Ley_256_4287_8141_145.raw	RAW	0	NOT_DOWNLOADED_RAW
PXD032110	MSV000089012	Ley_256_4287_8141_146.raw	RAW	0	NOT_DOWNLOADED_RAW
PXD032110	MSV000089012	Ley_256_4287_8141_147.raw	RAW	0	NOT_DOWNLOADED_RAW
PXD032110	MSV000089012	Ley_256_4287_8141_148.raw	RAW	0	NOT_DOWNLOADED_RAW
PXD032110	MSV000089012	Ley_256_4287_8141_149.raw	RAW	0	NOT_DOWNLOADED_RAW
PXD032110	MSV000089012	Ley_256_4287_8141_150.raw	RAW	0	NOT_DOWNLOADED_RAW
PXD032110	MSV000089012	Ley_256_4287_8141_151.raw	RAW	0	NOT_DOWNLOADED_RAW
PXD032110	MSV000089012	Ley_256_4287_8141_152.raw	RAW	0	NOT_DOWNLOADED_RAW
PXD032110	MSV000089012	Ley_256_4287_8141_153.raw	RAW	0	NOT_DOWNLOADED_RAW
PXD032110	MSV000089012	Ley_256_4287_8141_154.raw	RAW	0	NOT_DOWNLOADED_RAW
PXD032110	MSV000089012	Ley_256_4287_8141_155.raw	RAW	0	NOT_DOWNLOADED_RAW
PXD032110	MSV000089012	Ley_256_4287_8141_156.raw	RAW	0	NOT_DOWNLOADED_RAW
PXD032110	MSV000089012	Ley_256_4287_8141_157.raw	RAW	0	NOT_DOWNLOADED_RAW
PXD032110	MSV000089012	Ley_256_4287_8141_158.raw	RAW	0	NOT_DOWNLOADED_RAW
PXD032110	MSV000089012	Ley_256_4287_8141_159.raw	RAW	0	NOT_DOWNLOADED_RAW
PXD032110	MSV000089012	Ley_256_4287_8141_160.raw	RAW	0	NOT_DOWNLOADED_RAW
PXD032110	MSV000089012	Ley_256_4287_8141_161.raw	RAW	0	NOT_DOWNLOADED_RAW
PXD032110	MSV000089012	Ley_256_4287_8141_162.raw	RAW	0	NOT_DOWNLOADED_RAW
PXD032110	MSV000089012	Ley_256_4287_8141_163.raw	RAW	0	NOT_DOWNLOADED_RAW
PXD032110	MSV000089012	Ley_256_4287_8141_164.raw	RAW	0	NOT_DOWNLOADED_RAW
PXD032110	MSV000089012	Ley_256_4287_8141_165.raw	RAW	0	NOT_DOWNLOADED_RAW
PXD032110	MSV000089012	Ley_256_4287_8141_166.raw	RAW	0	NOT_DOWNLOADED_RAW
PXD032110	MSV000089012	Ley_256_4287_8141_167.raw	RAW	0	NOT_DOWNLOADED_RAW
PXD032110	MSV000089012	Ley_256_4287_8141_168.raw	RAW	0	NOT_DOWNLOADED_RAW
PXD032110	MSV000089012	Ley_256_4287_8141_169.raw	RAW	0	NOT_DOWNLOADED_RAW
PXD032110	MSV000089012	Ley_256_4287_8141_170.raw	RAW	0	NOT_DOWNLOADED_RAW
PXD032110	MSV000089012	Ley_256_4287_8141_171.raw	RAW	0	NOT_DOWNLOADED_RAW
PXD032110	MSV000089012	Ley_256_4287_8141_172.raw	RAW	0	NOT_DOWNLOADED_RAW
PXD032110	MSV000089012	Ley_256_4287_8141_173.raw	RAW	0	NOT_DOWNLOADED_RAW
PXD032110	MSV000089012	Ley_256_4287_8141_174.raw	RAW	0	NOT_DOWNLOADED_RAW
PXD032110	MSV000089012	Ley_256_4287_8141_175.raw	RAW	0	NOT_DOWNLOADED_RAW
PXD032110	MSV000089012	Ley_256_4287_8141_176.raw	RAW	0	NOT_DOWNLOADED_RAW
PXD032110	MSV000089012	Ley_256_4287_8141_300.raw	RAW	0	NOT_DOWNLOADED_RAW
PXD032110	MSV000089012	Ley_256_4287_8141_301.raw	RAW	0	NOT_DOWNLOADED_RAW
PXD032110	MSV000089012	Ley_256_4287_8141_302.raw	RAW	0	NOT_DOWNLOADED_RAW
PXD032110	MSV000089012	Ley_256_4287_8141_303.raw	RAW	0	NOT_DOWNLOADED_RAW
PXD032110	MSV000089012	Ley_256_4287_8141_304.raw	RAW	0	NOT_DOWNLOADED_RAW
PXD032110	MSV000089012	Ley_256_4287_8141_305.raw	RAW	0	NOT_DOWNLOADED_RAW
PXD032110	MSV000089012	Ley_256_4287_8141_306.raw	RAW	0	NOT_DOWNLOADED_RAW
PXD032110	MSV000089012	Ley_256_4287_8141_307.raw	RAW	0	NOT_DOWNLOADED_RAW
PXD032110	MSV000089012	Ley_256_4287_8141_308.raw	RAW	0	NOT_DOWNLOADED_RAW
PXD032110	MSV000089012	Ley_256_4287_8141_309.raw	RAW	0	NOT_DOWNLOADED_RAW
PXD032110	MSV000089012	Ley_256_4287_8141_310.raw	RAW	0	NOT_DOWNLOADED_RAW
PXD032110	MSV000089012	Ley_256_4287_8141_311.raw	RAW	0	NOT_DOWNLOADED_RAW
PXD032110	MSV000089012	Ley_256_4287_8141_312.raw	RAW	0	NOT_DOWNLOADED_RAW
PXD032110	MSV000089012	Ley_256_4287_8141_313.raw	RAW	0	NOT_DOWNLOADED_RAW
PXD032110	MSV000089012	Ley_256_4287_8141_314.raw	RAW	0	NOT_DOWNLOADED_RAW
PXD032110	MSV000089012	Ley_256_4287_8141_315.raw	RAW	0	NOT_DOWNLOADED_RAW
PXD032110	MSV000089012	Ley_256_4287_8141_316.raw	RAW	0	NOT_DOWNLOADED_RAW
PXD032110	MSV000089012	Ley_256_4287_8141_317.raw	RAW	0	NOT_DOWNLOADED_RAW
PXD032110	MSV000089012	Ley_256_4287_8141_318.raw	RAW	0	NOT_DOWNLOADED_RAW
PXD032110	MSV000089012	Ley_256_4287_8141_319.raw	RAW	0	NOT_DOWNLOADED_RAW
PXD032110	MSV000089012	Ley_256_4287_8141_320.raw	RAW	0	NOT_DOWNLOADED_RAW
PXD032110	MSV000089012	Ley_256_4287_8141_321.raw	RAW	0	NOT_DOWNLOADED_RAW
PXD032110	MSV000089012	Ley_256_4287_8141_322.raw	RAW	0	NOT_DOWNLOADED_RAW
PXD032110	MSV000089012	Ley_256_4287_8141_323.raw	RAW	0	NOT_DOWNLOADED_RAW
PXD032110	MSV000089012	Ley_256_4287_8141_324.raw	RAW	0	NOT_DOWNLOADED_RAW
PXD032110	MSV000089012	Ley_256_4287_8141_52.raw	RAW	0	NOT_DOWNLOADED_RAW
PXD032110	MSV000089012	Ley_256_4287_8141_53.raw	RAW	0	NOT_DOWNLOADED_RAW
PXD032110	MSV000089012	Ley_256_4287_8141_54.raw	RAW	0	NOT_DOWNLOADED_RAW
PXD032110	MSV000089012	Ley_256_4287_8141_55.raw	RAW	0	NOT_DOWNLOADED_RAW
PXD032110	MSV000089012	Ley_256_4287_8141_56.raw	RAW	0	NOT_DOWNLOADED_RAW
PXD032110	MSV000089012	Ley_256_4287_8141_57.raw	RAW	0	NOT_DOWNLOADED_RAW
PXD032110	MSV000089012	Ley_256_4287_8141_58.raw	RAW	0	NOT_DOWNLOADED_RAW
PXD032110	MSV000089012	Ley_256_4287_8141_59.raw	RAW	0	NOT_DOWNLOADED_RAW
PXD032110	MSV000089012	Ley_256_4287_8141_60.raw	RAW	0	NOT_DOWNLOADED_RAW
PXD032110	MSV000089012	Ley_256_4287_8141_61.raw	RAW	0	NOT_DOWNLOADED_RAW
PXD032110	MSV000089012	Ley_256_4287_8141_62.raw	RAW	0	NOT_DOWNLOADED_RAW
PXD032110	MSV000089012	Ley_256_4287_8141_63.raw	RAW	0	NOT_DOWNLOADED_RAW
PXD032110	MSV000089012	Ley_256_4287_8141_64.raw	RAW	0	NOT_DOWNLOADED_RAW
PXD032110	MSV000089012	Ley_256_4287_8141_65.raw	RAW	0	NOT_DOWNLOADED_RAW
PXD032110	MSV000089012	Ley_256_4287_8141_66.raw	RAW	0	NOT_DOWNLOADED_RAW
PXD032110	MSV000089012	Ley_256_4287_8141_67.raw	RAW	0	NOT_DOWNLOADED_RAW
PXD032110	MSV000089012	Ley_256_4287_8141_68.raw	RAW	0	NOT_DOWNLOADED_RAW
PXD032110	MSV000089012	Ley_256_4287_8141_69.raw	RAW	0	NOT_DOWNLOADED_RAW
PXD032110	MSV000089012	Ley_256_4287_8141_70.raw	RAW	0	NOT_DOWNLOADED_RAW
PXD032110	MSV000089012	Ley_256_4287_8141_71.raw	RAW	0	NOT_DOWNLOADED_RAW
PXD032110	MSV000089012	Ley_256_4287_8141_72.raw	RAW	0	NOT_DOWNLOADED_RAW
PXD032110	MSV000089012	Ley_256_4287_8141_73.raw	RAW	0	NOT_DOWNLOADED_RAW
PXD032110	MSV000089012	Ley_256_4287_8141_74.raw	RAW	0	NOT_DOWNLOADED_RAW
PXD032110	MSV000089012	Ley_256_4287_8141_75.raw	RAW	0	NOT_DOWNLOADED_RAW
PXD032110	MSV000089012	Ley_256_4287_8141_76.raw	RAW	0	NOT_DOWNLOADED_RAW
PXD032110	MSV000089012	Ley_256_4287_8141_77.raw	RAW	0	NOT_DOWNLOADED_RAW
PXD032110	MSV000089012	Ley_256_4287_8141_78.raw	RAW	0	NOT_DOWNLOADED_RAW
PXD032110	MSV000089012	Ley_256_4287_8141_79.raw	RAW	0	NOT_DOWNLOADED_RAW
PXD032110	MSV000089012	Ley_256_4287_8141_80.raw	RAW	0	NOT_DOWNLOADED_RAW
PXD032110	MSV000089012	Ley_256_4287_8141_81.raw	RAW	0	NOT_DOWNLOADED_RAW
PXD032110	MSV000089012	Ley_256_4287_8141_82.raw	RAW	0	NOT_DOWNLOADED_RAW
PXD032110	MSV000089012	Ley_256_4287_8141_83.raw	RAW	0	NOT_DOWNLOADED_RAW
PXD032110	MSV000089012	Ley_256_4287_8141_84.raw	RAW	0	NOT_DOWNLOADED_RAW
PXD032110	MSV000089012	Ley_256_4287_8141_85.raw	RAW	0	NOT_DOWNLOADED_RAW
PXD032110	MSV000089012	Ley_256_4287_8141_86.raw	RAW	0	NOT_DOWNLOADED_RAW
PXD032110	MSV000089012	Ley_256_4287_8141_87.raw	RAW	0	NOT_DOWNLOADED_RAW
PXD032110	MSV000089012	Ley_256_4287_8141_88.raw	RAW	0	NOT_DOWNLOADED_RAW
PXD032110	MSV000089012	Ley_256_4287_8141_89.raw	RAW	0	NOT_DOWNLOADED_RAW
PXD032110	MSV000089012	Ley_256_4287_8141_90.raw	RAW	0	NOT_DOWNLOADED_RAW
PXD032110	MSV000089012	Ley_256_4287_8141_91.raw	RAW	0	NOT_DOWNLOADED_RAW
PXD032110	MSV000089012	Ley_256_4287_8141_92.raw	RAW	0	NOT_DOWNLOADED_RAW
PXD032110	MSV000089012	Ley_256_4287_8141_93.raw	RAW	0	NOT_DOWNLOADED_RAW
PXD032110	MSV000089012	Ley_256_4287_8141_94.raw	RAW	0	NOT_DOWNLOADED_RAW
PXD032110	MSV000089012	Ley_256_4287_8141_95.raw	RAW	0	NOT_DOWNLOADED_RAW
PXD032110	MSV000089012	Ley_256_4287_8141_96.raw	RAW	0	NOT_DOWNLOADED_RAW
PXD032110	MSV000089012	Ley_256_4287_8141_97.raw	RAW	0	NOT_DOWNLOADED_RAW
PXD032110	MSV000089012	Ley_256_4287_8141_98.raw	RAW	0	NOT_DOWNLOADED_RAW
PXD032110	MSV000089012	Ley_256_4287_8141_99.raw	RAW	0	NOT_DOWNLOADED_RAW
PXD032110	MSV000089012	Ley_256_4297_8141_177.raw	RAW	0	NOT_DOWNLOADED_RAW
PXD032110	MSV000089012	Ley_256_4297_8141_178.raw	RAW	0	NOT_DOWNLOADED_RAW
PXD032110	MSV000089012	Ley_256_4297_8141_179.raw	RAW	0	NOT_DOWNLOADED_RAW
PXD032110	MSV000089012	Ley_256_4297_8141_180.raw	RAW	0	NOT_DOWNLOADED_RAW
PXD032110	MSV000089012	Ley_256_4297_8141_181.raw	RAW	0	NOT_DOWNLOADED_RAW
PXD032110	MSV000089012	Ley_256_4297_8141_182.raw	RAW	0	NOT_DOWNLOADED_RAW
PXD032110	MSV000089012	Ley_256_4297_8141_183.raw	RAW	0	NOT_DOWNLOADED_RAW
PXD032110	MSV000089012	Ley_256_4297_8141_184.raw	RAW	0	NOT_DOWNLOADED_RAW
PXD032110	MSV000089012	Ley_256_4297_8141_185.raw	RAW	0	NOT_DOWNLOADED_RAW
PXD032110	MSV000089012	Ley_256_4297_8141_186.raw	RAW	0	NOT_DOWNLOADED_RAW
PXD032110	MSV000089012	Ley_256_4297_8141_187.raw	RAW	0	NOT_DOWNLOADED_RAW
PXD032110	MSV000089012	Ley_256_4297_8141_188.raw	RAW	0	NOT_DOWNLOADED_RAW
PXD032110	MSV000089012	Ley_256_4297_8141_189.raw	RAW	0	NOT_DOWNLOADED_RAW
PXD032110	MSV000089012	Ley_256_4297_8141_190.raw	RAW	0	NOT_DOWNLOADED_RAW
PXD032110	MSV000089012	Ley_256_4297_8141_191.raw	RAW	0	NOT_DOWNLOADED_RAW
PXD032110	MSV000089012	Ley_256_4297_8141_192.raw	RAW	0	NOT_DOWNLOADED_RAW
PXD032110	MSV000089012	Ley_256_4297_8141_193.raw	RAW	0	NOT_DOWNLOADED_RAW
PXD032110	MSV000089012	Ley_256_4297_8141_194.raw	RAW	0	NOT_DOWNLOADED_RAW
PXD032110	MSV000089012	Ley_256_4297_8141_195.raw	RAW	0	NOT_DOWNLOADED_RAW
PXD032110	MSV000089012	Ley_256_4297_8141_196.raw	RAW	0	NOT_DOWNLOADED_RAW
PXD032110	MSV000089012	Ley_256_4297_8141_197.raw	RAW	0	NOT_DOWNLOADED_RAW
PXD032110	MSV000089012	Ley_256_4297_8141_198.raw	RAW	0	NOT_DOWNLOADED_RAW
PXD032110	MSV000089012	Ley_256_4297_8141_199.raw	RAW	0	NOT_DOWNLOADED_RAW
PXD032110	MSV000089012	Ley_256_4297_8141_200.raw	RAW	0	NOT_DOWNLOADED_RAW
PXD032110	MSV000089012	Ley_256_4297_8141_201.raw	RAW	0	NOT_DOWNLOADED_RAW
PXD032110	MSV000089012	Ley_256_4297_8141_202.raw	RAW	0	NOT_DOWNLOADED_RAW
PXD032110	MSV000089012	Ley_256_4297_8141_203.raw	RAW	0	NOT_DOWNLOADED_RAW
PXD032110	MSV000089012	Ley_256_4297_8141_204.raw	RAW	0	NOT_DOWNLOADED_RAW
PXD032110	MSV000089012	Ley_256_4297_8141_205.raw	RAW	0	NOT_DOWNLOADED_RAW
PXD032110	MSV000089012	Ley_256_4297_8141_206.raw	RAW	0	NOT_DOWNLOADED_RAW
PXD032110	MSV000089012	Ley_256_4297_8141_207.raw	RAW	0	NOT_DOWNLOADED_RAW
PXD032110	MSV000089012	Ley_256_4297_8141_208.raw	RAW	0	NOT_DOWNLOADED_RAW
PXD032110	MSV000089012	Ley_256_4297_8141_209.raw	RAW	0	NOT_DOWNLOADED_RAW
PXD032110	MSV000089012	Ley_256_4297_8141_210.raw	RAW	0	NOT_DOWNLOADED_RAW
PXD032110	MSV000089012	Ley_256_4297_8141_211.raw	RAW	0	NOT_DOWNLOADED_RAW
PXD032110	MSV000089012	Ley_256_4297_8141_212.raw	RAW	0	NOT_DOWNLOADED_RAW
PXD032110	MSV000089012	Ley_256_4297_8141_213.raw	RAW	0	NOT_DOWNLOADED_RAW
PXD032110	MSV000089012	Ley_256_4297_8141_214.raw	RAW	0	NOT_DOWNLOADED_RAW
PXD032110	MSV000089012	Ley_256_4297_8141_215.raw	RAW	0	NOT_DOWNLOADED_RAW
PXD032110	MSV000089012	Ley_256_4297_8141_216.raw	RAW	0	NOT_DOWNLOADED_RAW
PXD032110	MSV000089012	Ley_256_4297_8141_217.raw	RAW	0	NOT_DOWNLOADED_RAW
PXD032110	MSV000089012	Ley_256_4297_8141_218.raw	RAW	0	NOT_DOWNLOADED_RAW
PXD032110	MSV000089012	Ley_256_4297_8141_219.raw	RAW	0	NOT_DOWNLOADED_RAW
PXD032110	MSV000089012	Ley_256_4297_8141_220.raw	RAW	0	NOT_DOWNLOADED_RAW
PXD032110	MSV000089012	Ley_256_4297_8141_221.raw	RAW	0	NOT_DOWNLOADED_RAW
PXD032110	MSV000089012	Ley_256_4297_8141_222.raw	RAW	0	NOT_DOWNLOADED_RAW
PXD032110	MSV000089012	Ley_256_4297_8141_223.raw	RAW	0	NOT_DOWNLOADED_RAW
PXD032110	MSV000089012	Ley_256_4297_8141_224.raw	RAW	0	NOT_DOWNLOADED_RAW
PXD032110	MSV000089012	Ley_256_4297_8141_225.raw	RAW	0	NOT_DOWNLOADED_RAW
PXD032110	MSV000089012	Ley_256_4297_8141_226.raw	RAW	0	NOT_DOWNLOADED_RAW
PXD032110	MSV000089012	Ley_256_4297_8141_227.raw	RAW	0	NOT_DOWNLOADED_RAW
PXD032110	MSV000089012	Ley_256_4297_8141_228.raw	RAW	0	NOT_DOWNLOADED_RAW
PXD032110	MSV000089012	Ley_256_4297_8141_229.raw	RAW	0	NOT_DOWNLOADED_RAW
PXD032110	MSV000089012	Ley_256_4297_8141_230.raw	RAW	0	NOT_DOWNLOADED_RAW
PXD032110	MSV000089012	Ley_256_4297_8141_231.raw	RAW	0	NOT_DOWNLOADED_RAW
PXD032110	MSV000089012	Ley_256_4297_8141_232.raw	RAW	0	NOT_DOWNLOADED_RAW
PXD032110	MSV000089012	Ley_256_4297_8141_233.raw	RAW	0	NOT_DOWNLOADED_RAW
PXD032110	MSV000089012	Ley_256_4297_8141_234.raw	RAW	0	NOT_DOWNLOADED_RAW
PXD032110	MSV000089012	Ley_256_4297_8141_235.raw	RAW	0	NOT_DOWNLOADED_RAW
PXD032110	MSV000089012	Ley_256_4297_8141_236.raw	RAW	0	NOT_DOWNLOADED_RAW
PXD032110	MSV000089012	Ley_256_4297_8141_237.raw	RAW	0	NOT_DOWNLOADED_RAW
PXD032110	MSV000089012	Ley_256_4297_8141_238.raw	RAW	0	NOT_DOWNLOADED_RAW
PXD032110	MSV000089012	Ley_256_4297_8141_239.raw	RAW	0	NOT_DOWNLOADED_RAW
PXD032110	MSV000089012	Ley_256_4297_8141_240.raw	RAW	0	NOT_DOWNLOADED_RAW
PXD032110	MSV000089012	Ley_256_4297_8141_241.raw	RAW	0	NOT_DOWNLOADED_RAW
PXD032110	MSV000089012	Ley_256_4297_8141_326.raw	RAW	0	NOT_DOWNLOADED_RAW
PXD032110	MSV000089012	Ley_256_4297_8141_327.raw	RAW	0	NOT_DOWNLOADED_RAW
PXD032110	MSV000089012	Ley_256_4297_8141_328.raw	RAW	0	NOT_DOWNLOADED_RAW
PXD032110	MSV000089012	Ley_256_4297_8141_329.raw	RAW	0	NOT_DOWNLOADED_RAW
PXD032110	MSV000089012	Ley_256_4297_8141_330.raw	RAW	0	NOT_DOWNLOADED_RAW
PXD032110	MSV000089012	Ley_256_4297_8141_331.raw	RAW	0	NOT_DOWNLOADED_RAW
PXD032110	MSV000089012	Ley_256_4297_8141_332.raw	RAW	0	NOT_DOWNLOADED_RAW
PXD032110	MSV000089012	Ley_256_4297_8141_333.raw	RAW	0	NOT_DOWNLOADED_RAW
PXD032110	MSV000089012	Ley_256_4297_8141_334.raw	RAW	0	NOT_DOWNLOADED_RAW
PXD032110	MSV000089012	Ley_256_4297_8141_335.raw	RAW	0	NOT_DOWNLOADED_RAW
PXD032110	MSV000089012	Ley_256_4297_8141_336.raw	RAW	0	NOT_DOWNLOADED_RAW
PXD032110	MSV000089012	Ley_256_4297_8141_337.raw	RAW	0	NOT_DOWNLOADED_RAW
PXD032110	MSV000089012	Ley_256_4297_8141_338.raw	RAW	0	NOT_DOWNLOADED_RAW
PXD032110	MSV000089012	Supplementary Table 2. Machine file names from LC-MS analysis of peptides and phosphopeptides.xlsx	OTHER	0	MATCHED_STRICT_PHOSPHO_FILENAME
PXD032110	MSV000089012	Supplementary Table 3. Protein, peptide and phosphopeptide quantification using deep-scale proteomics.xlsx	RESULT	0	MATCHED_STRICT_PHOSPHO_FILENAME
PXD032110	MSV000089012	Supplementary Table 4. Proteins identified and quantified using “single shot” UPLC-timsTOF MS.xlsx	RESULT	0	NOT_DOWNLOADED_FILENAME_FILTER
PXD032110	MSV000089012	Supplementary Table 5. Proteins identified using proximity-labeleing LC-MS.xlsx	OTHER	0	NOT_DOWNLOADED_FILENAME_FILTER
PXD032110	MSV000089012	params.xml	OTHER	0	NOT_DOWNLOADED_FILENAME_FILTER
PXD032110	MSV000089012	statistics.tsv	OTHER	0	NOT_DOWNLOADED_FILENAME_FILTER
PXD034355	PXD034355	MSB21647A.raw	RAW	1325096758	NOT_DOWNLOADED_RAW
PXD034355	PXD034355	MSB21648A.raw	RAW	1389230475	NOT_DOWNLOADED_RAW
PXD034355	PXD034355	MSB21652A.raw	RAW	1955852712	NOT_DOWNLOADED_RAW
PXD034355	PXD034355	MSB21653A.raw	RAW	1864670520	NOT_DOWNLOADED_RAW
PXD034355	PXD034355	MSB21654A.raw	RAW	1625767015	NOT_DOWNLOADED_RAW
PXD034355	PXD034355	MSB21655A.raw	RAW	1302587046	NOT_DOWNLOADED_RAW
PXD034355	PXD034355	MSB21656A.raw	RAW	1673740461	NOT_DOWNLOADED_RAW
PXD034355	PXD034355	MSB21659A.raw	RAW	1813901372	NOT_DOWNLOADED_RAW
PXD034355	PXD034355	MSB21661A.raw	RAW	1964833590	NOT_DOWNLOADED_RAW
PXD034355	PXD034355	MSB21663A.raw	RAW	1341537432	NOT_DOWNLOADED_RAW
PXD034355	PXD034355	MSB21666A.raw	RAW	1399042723	NOT_DOWNLOADED_RAW
PXD034355	PXD034355	MSB21667A.raw	RAW	1136830898	NOT_DOWNLOADED_RAW
PXD034355	PXD034355	MSB21668A.raw	RAW	1858156450	NOT_DOWNLOADED_RAW
PXD034355	PXD034355	MSB21669A.raw	RAW	895059177	NOT_DOWNLOADED_RAW
PXD034355	PXD034355	MSB21670A.raw	RAW	1112197132	NOT_DOWNLOADED_RAW
PXD034355	PXD034355	MSB21671A.raw	RAW	1370532933	NOT_DOWNLOADED_RAW
PXD034355	PXD034355	MSB21672A.raw	RAW	1490919657	NOT_DOWNLOADED_RAW
PXD034355	PXD034355	MSB21673A.raw	RAW	1277832703	NOT_DOWNLOADED_RAW
PXD034355	PXD034355	MSB21674A.raw	RAW	1149766769	NOT_DOWNLOADED_RAW
PXD034355	PXD034355	MSB21675A.raw	RAW	1167260920	NOT_DOWNLOADED_RAW
PXD034355	PXD034355	MSB21676A.raw	RAW	1305665827	NOT_DOWNLOADED_RAW
PXD034355	PXD034355	MSB21677A.raw	RAW	1258857429	NOT_DOWNLOADED_RAW
PXD034355	PXD034355	MSB21678A.raw	RAW	1423644667	NOT_DOWNLOADED_RAW
PXD034355	PXD034355	MSB21679A.raw	RAW	1698110607	NOT_DOWNLOADED_RAW
PXD034355	PXD034355	MSB21681A.raw	RAW	1487818853	NOT_DOWNLOADED_RAW
PXD034355	PXD034355	MSB21682A.raw	RAW	1394442405	NOT_DOWNLOADED_RAW
PXD034355	PXD034355	MSB21683A.raw	RAW	1185196196	NOT_DOWNLOADED_RAW
PXD034355	PXD034355	MSB21684A.raw	RAW	1059640494	NOT_DOWNLOADED_RAW
PXD034355	PXD034355	MSB21685A.raw	RAW	1365813662	NOT_DOWNLOADED_RAW
PXD034355	PXD034355	MSB21687A.raw	RAW	1484010405	NOT_DOWNLOADED_RAW
PXD034355	PXD034355	MSB21690A.raw	RAW	1403965530	NOT_DOWNLOADED_RAW
PXD034355	PXD034355	MSB21691A.raw	RAW	1017842766	NOT_DOWNLOADED_RAW
PXD034355	PXD034355	MSB21692A.raw	RAW	1368269493	NOT_DOWNLOADED_RAW
PXD034355	PXD034355	MSB21693A.raw	RAW	1335425553	NOT_DOWNLOADED_RAW
PXD034355	PXD034355	MSB21694A.raw	RAW	1649498002	NOT_DOWNLOADED_RAW
PXD034355	PXD034355	MSB21695A.raw	RAW	1682470440	NOT_DOWNLOADED_RAW
PXD034355	PXD034355	MSB21696A.raw	RAW	1724402962	NOT_DOWNLOADED_RAW
PXD034355	PXD034355	MSB21697A.raw	RAW	1837321767	NOT_DOWNLOADED_RAW
PXD034355	PXD034355	MSB21698A.raw	RAW	1295270912	NOT_DOWNLOADED_RAW
PXD034355	PXD034355	MSB21700A.raw	RAW	1404740222	NOT_DOWNLOADED_RAW
PXD034355	PXD034355	MSB21701A.raw	RAW	900004770	NOT_DOWNLOADED_RAW
PXD034355	PXD034355	MSB21704A.raw	RAW	1816270103	NOT_DOWNLOADED_RAW
PXD034355	PXD034355	MSB21705A.raw	RAW	1584584825	NOT_DOWNLOADED_RAW
PXD034355	PXD034355	MSB21707A.raw	RAW	1869241989	NOT_DOWNLOADED_RAW
PXD034355	PXD034355	MSB21708A.raw	RAW	1299665934	NOT_DOWNLOADED_RAW
PXD034355	PXD034355	MSB21709A.raw	RAW	1150152101	NOT_DOWNLOADED_RAW
PXD034355	PXD034355	MSB21710A.raw	RAW	1769550626	NOT_DOWNLOADED_RAW
PXD034355	PXD034355	MSB21711A.raw	RAW	1408161662	NOT_DOWNLOADED_RAW
PXD034355	PXD034355	MSB21712A.raw	RAW	1344970040	NOT_DOWNLOADED_RAW
PXD034355	PXD034355	MSB21714A.raw	RAW	1000243960	NOT_DOWNLOADED_RAW
PXD034355	PXD034355	MSB21716A.raw	RAW	1260930665	NOT_DOWNLOADED_RAW
PXD034355	PXD034355	MSB21717A.raw	RAW	1481446375	NOT_DOWNLOADED_RAW
PXD034355	PXD034355	MSB21718A.raw	RAW	1607052952	NOT_DOWNLOADED_RAW
PXD034355	PXD034355	MSB21719A.raw	RAW	1505172991	NOT_DOWNLOADED_RAW
PXD034355	PXD034355	MSB21720A.raw	RAW	1270843471	NOT_DOWNLOADED_RAW
PXD034355	PXD034355	MSB21722A.raw	RAW	1690135250	NOT_DOWNLOADED_RAW
PXD034355	PXD034355	MSB21723A.raw	RAW	1352065184	NOT_DOWNLOADED_RAW
PXD034355	PXD034355	MSB21724A.raw	RAW	1559713259	NOT_DOWNLOADED_RAW
PXD034355	PXD034355	MSB21726A.raw	RAW	1725756589	NOT_DOWNLOADED_RAW
PXD034355	PXD034355	MSB21727A.raw	RAW	1465543144	NOT_DOWNLOADED_RAW
PXD034355	PXD034355	MSB21730A.raw	RAW	1286081581	NOT_DOWNLOADED_RAW
PXD034355	PXD034355	MSB21733A.raw	RAW	1850771740	NOT_DOWNLOADED_RAW
PXD034355	PXD034355	MSB21734A.raw	RAW	1697311638	NOT_DOWNLOADED_RAW
PXD034355	PXD034355	MSB21735A.raw	RAW	1645041351	NOT_DOWNLOADED_RAW
PXD034355	PXD034355	MSB21736A.raw	RAW	1103251409	NOT_DOWNLOADED_RAW
PXD034355	PXD034355	MSB21737A.raw	RAW	1822372871	NOT_DOWNLOADED_RAW
PXD034355	PXD034355	MSB21738A.raw	RAW	1678045861	NOT_DOWNLOADED_RAW
PXD034355	PXD034355	MSB21739A.raw	RAW	1450366218	NOT_DOWNLOADED_RAW
PXD034355	PXD034355	MSB21740A.raw	RAW	1580078386	NOT_DOWNLOADED_RAW
PXD034355	PXD034355	MSB21743A.raw	RAW	1502378874	NOT_DOWNLOADED_RAW
PXD034355	PXD034355	MSB21745A.raw	RAW	1336943641	NOT_DOWNLOADED_RAW
PXD034355	PXD034355	MSB21746A.raw	RAW	1342326350	NOT_DOWNLOADED_RAW
PXD034355	PXD034355	MSB21749A.raw	RAW	1189084845	NOT_DOWNLOADED_RAW
PXD034355	PXD034355	MSB21753A.raw	RAW	1541043644	NOT_DOWNLOADED_RAW
PXD034355	PXD034355	MSB21754A.raw	RAW	1677010126	NOT_DOWNLOADED_RAW
PXD034355	PXD034355	MSB21756A.raw	RAW	1029713113	NOT_DOWNLOADED_RAW
PXD034355	PXD034355	MSB21757A.raw	RAW	1275735762	NOT_DOWNLOADED_RAW
PXD034355	PXD034355	MSB21758A.raw	RAW	1263613027	NOT_DOWNLOADED_RAW
PXD034355	PXD034355	MSB21759A.raw	RAW	1904369191	NOT_DOWNLOADED_RAW
PXD034355	PXD034355	MSB21760A.raw	RAW	1425616100	NOT_DOWNLOADED_RAW
PXD034355	PXD034355	MSB21761A.raw	RAW	1550523891	NOT_DOWNLOADED_RAW
PXD034355	PXD034355	MSB21762A.raw	RAW	1371595722	NOT_DOWNLOADED_RAW
PXD034355	PXD034355	MSB21763A.raw	RAW	993459515	NOT_DOWNLOADED_RAW
PXD034355	PXD034355	MSB21764A.raw	RAW	1319474024	NOT_DOWNLOADED_RAW
PXD034355	PXD034355	MSB21765A.raw	RAW	1820692972	NOT_DOWNLOADED_RAW
PXD034355	PXD034355	MSB21766A.raw	RAW	1482434047	NOT_DOWNLOADED_RAW
PXD034355	PXD034355	MSB21767A.raw	RAW	1597495168	NOT_DOWNLOADED_RAW
PXD034355	PXD034355	MSB21768A.raw	RAW	1846994238	NOT_DOWNLOADED_RAW
PXD034355	PXD034355	MSB21771A.raw	RAW	1689305606	NOT_DOWNLOADED_RAW
PXD034355	PXD034355	MSB21774A.raw	RAW	1902068325	NOT_DOWNLOADED_RAW
PXD034355	PXD034355	MSB21775A.raw	RAW	1878917356	NOT_DOWNLOADED_RAW
PXD034355	PXD034355	MSB21776A.raw	RAW	1749746017	NOT_DOWNLOADED_RAW
PXD034355	PXD034355	MSB21777A.raw	RAW	1152636470	NOT_DOWNLOADED_RAW
PXD034355	PXD034355	MSB21778A.raw	RAW	1189481588	NOT_DOWNLOADED_RAW
PXD034355	PXD034355	MSB21779A.raw	RAW	1730066417	NOT_DOWNLOADED_RAW
PXD034355	PXD034355	MSB21780A.raw	RAW	1002016421	NOT_DOWNLOADED_RAW
PXD034355	PXD034355	MSB21781A.raw	RAW	1884051984	NOT_DOWNLOADED_RAW
PXD034355	PXD034355	MSB21782A.raw	RAW	1804659580	NOT_DOWNLOADED_RAW
PXD034355	PXD034355	MSB21783A.raw	RAW	1744188271	NOT_DOWNLOADED_RAW
PXD034355	PXD034355	MSB21784A.raw	RAW	1398261912	NOT_DOWNLOADED_RAW
PXD034355	PXD034355	MSB21786A.raw	RAW	1117924261	NOT_DOWNLOADED_RAW
PXD034355	PXD034355	MSB21787A.raw	RAW	1456857645	NOT_DOWNLOADED_RAW
PXD034355	PXD034355	MSB21788A.raw	RAW	1968644539	NOT_DOWNLOADED_RAW
PXD034355	PXD034355	MSB21789A.raw	RAW	1517536912	NOT_DOWNLOADED_RAW
PXD034355	PXD034355	MSB21790A.raw	RAW	1881681020	NOT_DOWNLOADED_RAW
PXD034355	PXD034355	MSB21791A.raw	RAW	1366382895	NOT_DOWNLOADED_RAW
PXD034355	PXD034355	MSB21793A.raw	RAW	1910579910	NOT_DOWNLOADED_RAW
PXD034355	PXD034355	MSB21795A.raw	RAW	1239839995	NOT_DOWNLOADED_RAW
PXD034355	PXD034355	MSB21796A.raw	RAW	1936263455	NOT_DOWNLOADED_RAW
PXD034355	PXD034355	MSB21798A.raw	RAW	1600943329	NOT_DOWNLOADED_RAW
PXD034355	PXD034355	MSB21800A.raw	RAW	1427685117	NOT_DOWNLOADED_RAW
PXD034355	PXD034355	MSB21801A.raw	RAW	1451879161	NOT_DOWNLOADED_RAW
PXD034355	PXD034355	MSB21805A.raw	RAW	1029244320	NOT_DOWNLOADED_RAW
PXD034355	PXD034355	MSB21807A.raw	RAW	1338105787	NOT_DOWNLOADED_RAW
PXD034355	PXD034355	MSB21809A.raw	RAW	1158948353	NOT_DOWNLOADED_RAW
PXD034355	PXD034355	MSB21810A.raw	RAW	1427462428	NOT_DOWNLOADED_RAW
PXD034355	PXD034355	MSB21811A.raw	RAW	1635618895	NOT_DOWNLOADED_RAW
PXD034355	PXD034355	MSB21812A.raw	RAW	1041918735	NOT_DOWNLOADED_RAW
PXD034355	PXD034355	MSB21813A.raw	RAW	1544053796	NOT_DOWNLOADED_RAW
PXD034355	PXD034355	MSB21814A.raw	RAW	1259502527	NOT_DOWNLOADED_RAW
PXD034355	PXD034355	MSB21815A.raw	RAW	1671006020	NOT_DOWNLOADED_RAW
PXD034355	PXD034355	MSB21816A.raw	RAW	1569479896	NOT_DOWNLOADED_RAW
PXD034355	PXD034355	MSB23785A.raw	RAW	1559053227	NOT_DOWNLOADED_RAW
PXD034355	PXD034355	MSB23793A.raw	RAW	1718822520	NOT_DOWNLOADED_RAW
PXD034355	PXD034355	MSB23795A.raw	RAW	1633208164	NOT_DOWNLOADED_RAW
PXD034355	PXD034355	MSB23796A.raw	RAW	1530240733	NOT_DOWNLOADED_RAW
PXD034355	PXD034355	MSB23797A.raw	RAW	1540711868	NOT_DOWNLOADED_RAW
PXD034355	PXD034355	MSB23798A.raw	RAW	1850750006	NOT_DOWNLOADED_RAW
PXD034355	PXD034355	MSB23799A.raw	RAW	1748046574	NOT_DOWNLOADED_RAW
PXD034355	PXD034355	MSB23800A.raw	RAW	1657607701	NOT_DOWNLOADED_RAW
PXD034355	PXD034355	txt.zip	SEARCH	3100092553	NOT_DOWNLOADED_FILENAME_FILTER
PXD038081	IPX0005271000	0709-TMT2-1.raw	RAW	0	NOT_DOWNLOADED_RAW
PXD038081	IPX0005271000	0709-TMT2-10.raw	RAW	0	NOT_DOWNLOADED_RAW
PXD038081	IPX0005271000	0709-TMT2-11.raw	RAW	0	NOT_DOWNLOADED_RAW
PXD038081	IPX0005271000	0709-TMT2-12.raw	RAW	0	NOT_DOWNLOADED_RAW
PXD038081	IPX0005271000	0709-TMT2-13.raw	RAW	0	NOT_DOWNLOADED_RAW
PXD038081	IPX0005271000	0709-TMT2-14.raw	RAW	0	NOT_DOWNLOADED_RAW
PXD038081	IPX0005271000	0709-TMT2-15.raw	RAW	0	NOT_DOWNLOADED_RAW
PXD038081	IPX0005271000	0709-TMT2-2.raw	RAW	0	NOT_DOWNLOADED_RAW
PXD038081	IPX0005271000	0709-TMT2-3.raw	RAW	0	NOT_DOWNLOADED_RAW
PXD038081	IPX0005271000	0709-TMT2-4.raw	RAW	0	NOT_DOWNLOADED_RAW
PXD038081	IPX0005271000	0709-TMT2-5.raw	RAW	0	NOT_DOWNLOADED_RAW
PXD038081	IPX0005271000	0709-TMT2-6.raw	RAW	0	NOT_DOWNLOADED_RAW
PXD038081	IPX0005271000	0709-TMT2-7.raw	RAW	0	NOT_DOWNLOADED_RAW
PXD038081	IPX0005271000	0709-TMT2-8.raw	RAW	0	NOT_DOWNLOADED_RAW
PXD038081	IPX0005271000	0709-TMT2-9.raw	RAW	0	NOT_DOWNLOADED_RAW
PXD038081	IPX0005271000	0711-TMT3-1.raw	RAW	0	NOT_DOWNLOADED_RAW
PXD038081	IPX0005271000	0711-TMT3-10.raw	RAW	0	NOT_DOWNLOADED_RAW
PXD038081	IPX0005271000	0711-TMT3-11.raw	RAW	0	NOT_DOWNLOADED_RAW
PXD038081	IPX0005271000	0711-TMT3-12.raw	RAW	0	NOT_DOWNLOADED_RAW
PXD038081	IPX0005271000	0711-TMT3-13.raw	RAW	0	NOT_DOWNLOADED_RAW
PXD038081	IPX0005271000	0711-TMT3-14.raw	RAW	0	NOT_DOWNLOADED_RAW
PXD038081	IPX0005271000	0711-TMT3-15.raw	RAW	0	NOT_DOWNLOADED_RAW
PXD038081	IPX0005271000	0711-TMT3-2.raw	RAW	0	NOT_DOWNLOADED_RAW
PXD038081	IPX0005271000	0711-TMT3-3.raw	RAW	0	NOT_DOWNLOADED_RAW
PXD038081	IPX0005271000	0711-TMT3-4.raw	RAW	0	NOT_DOWNLOADED_RAW
PXD038081	IPX0005271000	0711-TMT3-5.raw	RAW	0	NOT_DOWNLOADED_RAW
PXD038081	IPX0005271000	0711-TMT3-6.raw	RAW	0	NOT_DOWNLOADED_RAW
PXD038081	IPX0005271000	0711-TMT3-7.raw	RAW	0	NOT_DOWNLOADED_RAW
PXD038081	IPX0005271000	0711-TMT3-8.raw	RAW	0	NOT_DOWNLOADED_RAW
PXD038081	IPX0005271000	0711-TMT3-9.raw	RAW	0	NOT_DOWNLOADED_RAW
PXD038081	IPX0005271000	0713-TMT6-1.raw	RAW	0	NOT_DOWNLOADED_RAW
PXD038081	IPX0005271000	0713-TMT6-10.raw	RAW	0	NOT_DOWNLOADED_RAW
PXD038081	IPX0005271000	0713-TMT6-11.raw	RAW	0	NOT_DOWNLOADED_RAW
PXD038081	IPX0005271000	0713-TMT6-12.raw	RAW	0	NOT_DOWNLOADED_RAW
PXD038081	IPX0005271000	0713-TMT6-13.raw	RAW	0	NOT_DOWNLOADED_RAW
PXD038081	IPX0005271000	0713-TMT6-14.raw	RAW	0	NOT_DOWNLOADED_RAW
PXD038081	IPX0005271000	0713-TMT6-15.raw	RAW	0	NOT_DOWNLOADED_RAW
PXD038081	IPX0005271000	0713-TMT6-2.raw	RAW	0	NOT_DOWNLOADED_RAW
PXD038081	IPX0005271000	0713-TMT6-3.raw	RAW	0	NOT_DOWNLOADED_RAW
PXD038081	IPX0005271000	0713-TMT6-4.raw	RAW	0	NOT_DOWNLOADED_RAW
PXD038081	IPX0005271000	0713-TMT6-5.raw	RAW	0	NOT_DOWNLOADED_RAW
PXD038081	IPX0005271000	0713-TMT6-6.raw	RAW	0	NOT_DOWNLOADED_RAW
PXD038081	IPX0005271000	0713-TMT6-7.raw	RAW	0	NOT_DOWNLOADED_RAW
PXD038081	IPX0005271000	0713-TMT6-8.raw	RAW	0	NOT_DOWNLOADED_RAW
PXD038081	IPX0005271000	0713-TMT6-9.raw	RAW	0	NOT_DOWNLOADED_RAW
PXD038081	IPX0005271000	0714-TMT8-1.raw	RAW	0	NOT_DOWNLOADED_RAW
PXD038081	IPX0005271000	0714-TMT8-10.raw	RAW	0	NOT_DOWNLOADED_RAW
PXD038081	IPX0005271000	0714-TMT8-11.raw	RAW	0	NOT_DOWNLOADED_RAW
PXD038081	IPX0005271000	0714-TMT8-12.raw	RAW	0	NOT_DOWNLOADED_RAW
PXD038081	IPX0005271000	0714-TMT8-13.raw	RAW	0	NOT_DOWNLOADED_RAW
PXD038081	IPX0005271000	0714-TMT8-14.raw	RAW	0	NOT_DOWNLOADED_RAW
PXD038081	IPX0005271000	0714-TMT8-15.raw	RAW	0	NOT_DOWNLOADED_RAW
PXD038081	IPX0005271000	0714-TMT8-2.raw	RAW	0	NOT_DOWNLOADED_RAW
PXD038081	IPX0005271000	0714-TMT8-3.raw	RAW	0	NOT_DOWNLOADED_RAW
PXD038081	IPX0005271000	0714-TMT8-4.raw	RAW	0	NOT_DOWNLOADED_RAW
PXD038081	IPX0005271000	0714-TMT8-5.raw	RAW	0	NOT_DOWNLOADED_RAW
PXD038081	IPX0005271000	0714-TMT8-6.raw	RAW	0	NOT_DOWNLOADED_RAW
PXD038081	IPX0005271000	0714-TMT8-7.raw	RAW	0	NOT_DOWNLOADED_RAW
PXD038081	IPX0005271000	0714-TMT8-8.raw	RAW	0	NOT_DOWNLOADED_RAW
PXD038081	IPX0005271000	0714-TMT8-9.raw	RAW	0	NOT_DOWNLOADED_RAW
PXD038081	IPX0005271000	0715-TMT7-1.raw	RAW	0	NOT_DOWNLOADED_RAW
PXD038081	IPX0005271000	0715-TMT7-10.raw	RAW	0	NOT_DOWNLOADED_RAW
PXD038081	IPX0005271000	0715-TMT7-11.raw	RAW	0	NOT_DOWNLOADED_RAW
PXD038081	IPX0005271000	0715-TMT7-12.raw	RAW	0	NOT_DOWNLOADED_RAW
PXD038081	IPX0005271000	0715-TMT7-13.raw	RAW	0	NOT_DOWNLOADED_RAW
PXD038081	IPX0005271000	0715-TMT7-14.raw	RAW	0	NOT_DOWNLOADED_RAW
PXD038081	IPX0005271000	0715-TMT7-15.raw	RAW	0	NOT_DOWNLOADED_RAW
PXD038081	IPX0005271000	0715-TMT7-2.raw	RAW	0	NOT_DOWNLOADED_RAW
PXD038081	IPX0005271000	0715-TMT7-3.raw	RAW	0	NOT_DOWNLOADED_RAW
PXD038081	IPX0005271000	0715-TMT7-4.raw	RAW	0	NOT_DOWNLOADED_RAW
PXD038081	IPX0005271000	0715-TMT7-5.raw	RAW	0	NOT_DOWNLOADED_RAW
PXD038081	IPX0005271000	0715-TMT7-6.raw	RAW	0	NOT_DOWNLOADED_RAW
PXD038081	IPX0005271000	0715-TMT7-7.raw	RAW	0	NOT_DOWNLOADED_RAW
PXD038081	IPX0005271000	0715-TMT7-8.raw	RAW	0	NOT_DOWNLOADED_RAW
PXD038081	IPX0005271000	0715-TMT7-9.raw	RAW	0	NOT_DOWNLOADED_RAW
PXD038081	IPX0005271000	0717-TMT10-1.raw	RAW	0	NOT_DOWNLOADED_RAW
PXD038081	IPX0005271000	0717-TMT10-10.raw	RAW	0	NOT_DOWNLOADED_RAW
PXD038081	IPX0005271000	0717-TMT10-11.raw	RAW	0	NOT_DOWNLOADED_RAW
PXD038081	IPX0005271000	0717-TMT10-12.raw	RAW	0	NOT_DOWNLOADED_RAW
PXD038081	IPX0005271000	0717-TMT10-13.raw	RAW	0	NOT_DOWNLOADED_RAW
PXD038081	IPX0005271000	0717-TMT10-14.raw	RAW	0	NOT_DOWNLOADED_RAW
PXD038081	IPX0005271000	0717-TMT10-15.raw	RAW	0	NOT_DOWNLOADED_RAW
PXD038081	IPX0005271000	0717-TMT10-2.raw	RAW	0	NOT_DOWNLOADED_RAW
PXD038081	IPX0005271000	0717-TMT10-3.raw	RAW	0	NOT_DOWNLOADED_RAW
PXD038081	IPX0005271000	0717-TMT10-4.raw	RAW	0	NOT_DOWNLOADED_RAW
PXD038081	IPX0005271000	0717-TMT10-5.raw	RAW	0	NOT_DOWNLOADED_RAW
PXD038081	IPX0005271000	0717-TMT10-6.raw	RAW	0	NOT_DOWNLOADED_RAW
PXD038081	IPX0005271000	0717-TMT10-7.raw	RAW	0	NOT_DOWNLOADED_RAW
PXD038081	IPX0005271000	0717-TMT10-8.raw	RAW	0	NOT_DOWNLOADED_RAW
PXD038081	IPX0005271000	0717-TMT10-9.raw	RAW	0	NOT_DOWNLOADED_RAW
PXD038081	IPX0005271000	0718-TMT11-1.raw	RAW	0	NOT_DOWNLOADED_RAW
PXD038081	IPX0005271000	0718-TMT11-10.raw	RAW	0	NOT_DOWNLOADED_RAW
PXD038081	IPX0005271000	0718-TMT11-11.raw	RAW	0	NOT_DOWNLOADED_RAW
PXD038081	IPX0005271000	0718-TMT11-12.raw	RAW	0	NOT_DOWNLOADED_RAW
PXD038081	IPX0005271000	0718-TMT11-13.raw	RAW	0	NOT_DOWNLOADED_RAW
PXD038081	IPX0005271000	0718-TMT11-14.raw	RAW	0	NOT_DOWNLOADED_RAW
PXD038081	IPX0005271000	0718-TMT11-15.raw	RAW	0	NOT_DOWNLOADED_RAW
PXD038081	IPX0005271000	0718-TMT11-2.raw	RAW	0	NOT_DOWNLOADED_RAW
PXD038081	IPX0005271000	0718-TMT11-3.raw	RAW	0	NOT_DOWNLOADED_RAW
PXD038081	IPX0005271000	0718-TMT11-4.raw	RAW	0	NOT_DOWNLOADED_RAW
PXD038081	IPX0005271000	0718-TMT11-5.raw	RAW	0	NOT_DOWNLOADED_RAW
PXD038081	IPX0005271000	0718-TMT11-6.raw	RAW	0	NOT_DOWNLOADED_RAW
PXD038081	IPX0005271000	0718-TMT11-7.raw	RAW	0	NOT_DOWNLOADED_RAW
PXD038081	IPX0005271000	0718-TMT11-8.raw	RAW	0	NOT_DOWNLOADED_RAW
PXD038081	IPX0005271000	0718-TMT11-9.raw	RAW	0	NOT_DOWNLOADED_RAW
PXD038081	IPX0005271000	0723-TMT12-1.raw	RAW	0	NOT_DOWNLOADED_RAW
PXD038081	IPX0005271000	0723-TMT12-10.raw	RAW	0	NOT_DOWNLOADED_RAW
PXD038081	IPX0005271000	0723-TMT12-11.raw	RAW	0	NOT_DOWNLOADED_RAW
PXD038081	IPX0005271000	0723-TMT12-12.raw	RAW	0	NOT_DOWNLOADED_RAW
PXD038081	IPX0005271000	0723-TMT12-13.raw	RAW	0	NOT_DOWNLOADED_RAW
PXD038081	IPX0005271000	0723-TMT12-14.raw	RAW	0	NOT_DOWNLOADED_RAW
PXD038081	IPX0005271000	0723-TMT12-15.raw	RAW	0	NOT_DOWNLOADED_RAW
PXD038081	IPX0005271000	0723-TMT12-2.raw	RAW	0	NOT_DOWNLOADED_RAW
PXD038081	IPX0005271000	0723-TMT12-3.raw	RAW	0	NOT_DOWNLOADED_RAW
PXD038081	IPX0005271000	0723-TMT12-4.raw	RAW	0	NOT_DOWNLOADED_RAW
PXD038081	IPX0005271000	0723-TMT12-5.raw	RAW	0	NOT_DOWNLOADED_RAW
PXD038081	IPX0005271000	0723-TMT12-6.raw	RAW	0	NOT_DOWNLOADED_RAW
PXD038081	IPX0005271000	0723-TMT12-7.raw	RAW	0	NOT_DOWNLOADED_RAW
PXD038081	IPX0005271000	0723-TMT12-8.raw	RAW	0	NOT_DOWNLOADED_RAW
PXD038081	IPX0005271000	0723-TMT12-9.raw	RAW	0	NOT_DOWNLOADED_RAW
PXD038081	IPX0005271000	0724-TMT9-1.raw	RAW	0	NOT_DOWNLOADED_RAW
PXD038081	IPX0005271000	0724-TMT9-10.raw	RAW	0	NOT_DOWNLOADED_RAW
PXD038081	IPX0005271000	0724-TMT9-11.raw	RAW	0	NOT_DOWNLOADED_RAW
PXD038081	IPX0005271000	0724-TMT9-12.raw	RAW	0	NOT_DOWNLOADED_RAW
PXD038081	IPX0005271000	0724-TMT9-13.raw	RAW	0	NOT_DOWNLOADED_RAW
PXD038081	IPX0005271000	0724-TMT9-14.raw	RAW	0	NOT_DOWNLOADED_RAW
PXD038081	IPX0005271000	0724-TMT9-15.raw	RAW	0	NOT_DOWNLOADED_RAW
PXD038081	IPX0005271000	0724-TMT9-2.raw	RAW	0	NOT_DOWNLOADED_RAW
PXD038081	IPX0005271000	0724-TMT9-3.raw	RAW	0	NOT_DOWNLOADED_RAW
PXD038081	IPX0005271000	0724-TMT9-4.raw	RAW	0	NOT_DOWNLOADED_RAW
PXD038081	IPX0005271000	0724-TMT9-5.raw	RAW	0	NOT_DOWNLOADED_RAW
PXD038081	IPX0005271000	0724-TMT9-6.raw	RAW	0	NOT_DOWNLOADED_RAW
PXD038081	IPX0005271000	0724-TMT9-7.raw	RAW	0	NOT_DOWNLOADED_RAW
PXD038081	IPX0005271000	0724-TMT9-8.raw	RAW	0	NOT_DOWNLOADED_RAW
PXD038081	IPX0005271000	0724-TMT9-9.raw	RAW	0	NOT_DOWNLOADED_RAW
PXD038081	IPX0005271000	0725-TMT15-1.raw	RAW	0	NOT_DOWNLOADED_RAW
PXD038081	IPX0005271000	0725-TMT15-10.raw	RAW	0	NOT_DOWNLOADED_RAW
PXD038081	IPX0005271000	0725-TMT15-11.raw	RAW	0	NOT_DOWNLOADED_RAW
PXD038081	IPX0005271000	0725-TMT15-12.raw	RAW	0	NOT_DOWNLOADED_RAW
PXD038081	IPX0005271000	0725-TMT15-13.raw	RAW	0	NOT_DOWNLOADED_RAW
PXD038081	IPX0005271000	0725-TMT15-14.raw	RAW	0	NOT_DOWNLOADED_RAW
PXD038081	IPX0005271000	0725-TMT15-15.raw	RAW	0	NOT_DOWNLOADED_RAW
PXD038081	IPX0005271000	0725-TMT15-2.raw	RAW	0	NOT_DOWNLOADED_RAW
PXD038081	IPX0005271000	0725-TMT15-3.raw	RAW	0	NOT_DOWNLOADED_RAW
PXD038081	IPX0005271000	0725-TMT15-4.raw	RAW	0	NOT_DOWNLOADED_RAW
PXD038081	IPX0005271000	0725-TMT15-5.raw	RAW	0	NOT_DOWNLOADED_RAW
PXD038081	IPX0005271000	0725-TMT15-6.raw	RAW	0	NOT_DOWNLOADED_RAW
PXD038081	IPX0005271000	0725-TMT15-7.raw	RAW	0	NOT_DOWNLOADED_RAW
PXD038081	IPX0005271000	0725-TMT15-8.raw	RAW	0	NOT_DOWNLOADED_RAW
PXD038081	IPX0005271000	0725-TMT15-9.raw	RAW	0	NOT_DOWNLOADED_RAW
PXD038081	IPX0005271000	0726-TMT16-1.raw	RAW	0	NOT_DOWNLOADED_RAW
PXD038081	IPX0005271000	0726-TMT16-10.raw	RAW	0	NOT_DOWNLOADED_RAW
PXD038081	IPX0005271000	0726-TMT16-11.raw	RAW	0	NOT_DOWNLOADED_RAW
PXD038081	IPX0005271000	0726-TMT16-12.raw	RAW	0	NOT_DOWNLOADED_RAW
PXD038081	IPX0005271000	0726-TMT16-13.raw	RAW	0	NOT_DOWNLOADED_RAW
PXD038081	IPX0005271000	0726-TMT16-14.raw	RAW	0	NOT_DOWNLOADED_RAW
PXD038081	IPX0005271000	0726-TMT16-15.raw	RAW	0	NOT_DOWNLOADED_RAW
PXD038081	IPX0005271000	0726-TMT16-2.raw	RAW	0	NOT_DOWNLOADED_RAW
PXD038081	IPX0005271000	0726-TMT16-3.raw	RAW	0	NOT_DOWNLOADED_RAW
PXD038081	IPX0005271000	0726-TMT16-4.raw	RAW	0	NOT_DOWNLOADED_RAW
PXD038081	IPX0005271000	0726-TMT16-5.raw	RAW	0	NOT_DOWNLOADED_RAW
PXD038081	IPX0005271000	0726-TMT16-6.raw	RAW	0	NOT_DOWNLOADED_RAW
PXD038081	IPX0005271000	0726-TMT16-7.raw	RAW	0	NOT_DOWNLOADED_RAW
PXD038081	IPX0005271000	0726-TMT16-8.raw	RAW	0	NOT_DOWNLOADED_RAW
PXD038081	IPX0005271000	0726-TMT16-9.raw	RAW	0	NOT_DOWNLOADED_RAW
PXD038081	IPX0005271000	0727-TMT19-1.raw	RAW	0	NOT_DOWNLOADED_RAW
PXD038081	IPX0005271000	0727-TMT19-10.raw	RAW	0	NOT_DOWNLOADED_RAW
PXD038081	IPX0005271000	0727-TMT19-11.raw	RAW	0	NOT_DOWNLOADED_RAW
PXD038081	IPX0005271000	0727-TMT19-12.raw	RAW	0	NOT_DOWNLOADED_RAW
PXD038081	IPX0005271000	0727-TMT19-13.raw	RAW	0	NOT_DOWNLOADED_RAW
PXD038081	IPX0005271000	0727-TMT19-14.raw	RAW	0	NOT_DOWNLOADED_RAW
PXD038081	IPX0005271000	0727-TMT19-15.raw	RAW	0	NOT_DOWNLOADED_RAW
PXD038081	IPX0005271000	0727-TMT19-2.raw	RAW	0	NOT_DOWNLOADED_RAW
PXD038081	IPX0005271000	0727-TMT19-3.raw	RAW	0	NOT_DOWNLOADED_RAW
PXD038081	IPX0005271000	0727-TMT19-4.raw	RAW	0	NOT_DOWNLOADED_RAW
PXD038081	IPX0005271000	0727-TMT19-5.raw	RAW	0	NOT_DOWNLOADED_RAW
PXD038081	IPX0005271000	0727-TMT19-6.raw	RAW	0	NOT_DOWNLOADED_RAW
PXD038081	IPX0005271000	0727-TMT19-7.raw	RAW	0	NOT_DOWNLOADED_RAW
PXD038081	IPX0005271000	0727-TMT19-8.raw	RAW	0	NOT_DOWNLOADED_RAW
PXD038081	IPX0005271000	0727-TMT19-9.raw	RAW	0	NOT_DOWNLOADED_RAW
PXD038081	IPX0005271000	0728-TMT14-1.raw	RAW	0	NOT_DOWNLOADED_RAW
PXD038081	IPX0005271000	0728-TMT14-10.raw	RAW	0	NOT_DOWNLOADED_RAW
PXD038081	IPX0005271000	0728-TMT14-11.raw	RAW	0	NOT_DOWNLOADED_RAW
PXD038081	IPX0005271000	0728-TMT14-12.raw	RAW	0	NOT_DOWNLOADED_RAW
PXD038081	IPX0005271000	0728-TMT14-13.raw	RAW	0	NOT_DOWNLOADED_RAW
PXD038081	IPX0005271000	0728-TMT14-14.raw	RAW	0	NOT_DOWNLOADED_RAW
PXD038081	IPX0005271000	0728-TMT14-15.raw	RAW	0	NOT_DOWNLOADED_RAW
PXD038081	IPX0005271000	0728-TMT14-2.raw	RAW	0	NOT_DOWNLOADED_RAW
PXD038081	IPX0005271000	0728-TMT14-3.raw	RAW	0	NOT_DOWNLOADED_RAW
PXD038081	IPX0005271000	0728-TMT14-4.raw	RAW	0	NOT_DOWNLOADED_RAW
PXD038081	IPX0005271000	0728-TMT14-5.raw	RAW	0	NOT_DOWNLOADED_RAW
PXD038081	IPX0005271000	0728-TMT14-6.raw	RAW	0	NOT_DOWNLOADED_RAW
PXD038081	IPX0005271000	0728-TMT14-7.raw	RAW	0	NOT_DOWNLOADED_RAW
PXD038081	IPX0005271000	0728-TMT14-8.raw	RAW	0	NOT_DOWNLOADED_RAW
PXD038081	IPX0005271000	0728-TMT14-9.raw	RAW	0	NOT_DOWNLOADED_RAW
PXD038081	IPX0005271000	0729-TMT13-1.raw	RAW	0	NOT_DOWNLOADED_RAW
PXD038081	IPX0005271000	0729-TMT13-10.raw	RAW	0	NOT_DOWNLOADED_RAW
PXD038081	IPX0005271000	0729-TMT13-11.raw	RAW	0	NOT_DOWNLOADED_RAW
PXD038081	IPX0005271000	0729-TMT13-12.raw	RAW	0	NOT_DOWNLOADED_RAW
PXD038081	IPX0005271000	0729-TMT13-13.raw	RAW	0	NOT_DOWNLOADED_RAW
PXD038081	IPX0005271000	0729-TMT13-14.raw	RAW	0	NOT_DOWNLOADED_RAW
PXD038081	IPX0005271000	0729-TMT13-15.raw	RAW	0	NOT_DOWNLOADED_RAW
PXD038081	IPX0005271000	0729-TMT13-2.raw	RAW	0	NOT_DOWNLOADED_RAW
PXD038081	IPX0005271000	0729-TMT13-3.raw	RAW	0	NOT_DOWNLOADED_RAW
PXD038081	IPX0005271000	0729-TMT13-4.raw	RAW	0	NOT_DOWNLOADED_RAW
PXD038081	IPX0005271000	0729-TMT13-5.raw	RAW	0	NOT_DOWNLOADED_RAW
PXD038081	IPX0005271000	0729-TMT13-6.raw	RAW	0	NOT_DOWNLOADED_RAW
PXD038081	IPX0005271000	0729-TMT13-7.raw	RAW	0	NOT_DOWNLOADED_RAW
PXD038081	IPX0005271000	0729-TMT13-8.raw	RAW	0	NOT_DOWNLOADED_RAW
PXD038081	IPX0005271000	0729-TMT13-9.raw	RAW	0	NOT_DOWNLOADED_RAW
PXD038081	IPX0005271000	0730-TMT17-1.raw	RAW	0	NOT_DOWNLOADED_RAW
PXD038081	IPX0005271000	0730-TMT17-10.raw	RAW	0	NOT_DOWNLOADED_RAW
PXD038081	IPX0005271000	0730-TMT17-11.raw	RAW	0	NOT_DOWNLOADED_RAW
PXD038081	IPX0005271000	0730-TMT17-12.raw	RAW	0	NOT_DOWNLOADED_RAW
PXD038081	IPX0005271000	0730-TMT17-13.raw	RAW	0	NOT_DOWNLOADED_RAW
PXD038081	IPX0005271000	0730-TMT17-14.raw	RAW	0	NOT_DOWNLOADED_RAW
PXD038081	IPX0005271000	0730-TMT17-15.raw	RAW	0	NOT_DOWNLOADED_RAW
PXD038081	IPX0005271000	0730-TMT17-2.raw	RAW	0	NOT_DOWNLOADED_RAW
PXD038081	IPX0005271000	0730-TMT17-3.raw	RAW	0	NOT_DOWNLOADED_RAW
PXD038081	IPX0005271000	0730-TMT17-4.raw	RAW	0	NOT_DOWNLOADED_RAW
PXD038081	IPX0005271000	0730-TMT17-5.raw	RAW	0	NOT_DOWNLOADED_RAW
PXD038081	IPX0005271000	0730-TMT17-6.raw	RAW	0	NOT_DOWNLOADED_RAW
PXD038081	IPX0005271000	0730-TMT17-7.raw	RAW	0	NOT_DOWNLOADED_RAW
PXD038081	IPX0005271000	0730-TMT17-8.raw	RAW	0	NOT_DOWNLOADED_RAW
PXD038081	IPX0005271000	0730-TMT17-9.raw	RAW	0	NOT_DOWNLOADED_RAW
PXD038081	IPX0005271000	0731-TMT18-1.raw	RAW	0	NOT_DOWNLOADED_RAW
PXD038081	IPX0005271000	0731-TMT18-10.raw	RAW	0	NOT_DOWNLOADED_RAW
PXD038081	IPX0005271000	0731-TMT18-11.raw	RAW	0	NOT_DOWNLOADED_RAW
PXD038081	IPX0005271000	0731-TMT18-12.raw	RAW	0	NOT_DOWNLOADED_RAW
PXD038081	IPX0005271000	0731-TMT18-13.raw	RAW	0	NOT_DOWNLOADED_RAW
PXD038081	IPX0005271000	0731-TMT18-14.raw	RAW	0	NOT_DOWNLOADED_RAW
PXD038081	IPX0005271000	0731-TMT18-15.raw	RAW	0	NOT_DOWNLOADED_RAW
PXD038081	IPX0005271000	0731-TMT18-2.raw	RAW	0	NOT_DOWNLOADED_RAW
PXD038081	IPX0005271000	0731-TMT18-3.raw	RAW	0	NOT_DOWNLOADED_RAW
PXD038081	IPX0005271000	0731-TMT18-4.raw	RAW	0	NOT_DOWNLOADED_RAW
PXD038081	IPX0005271000	0731-TMT18-5.raw	RAW	0	NOT_DOWNLOADED_RAW
PXD038081	IPX0005271000	0731-TMT18-6.raw	RAW	0	NOT_DOWNLOADED_RAW
PXD038081	IPX0005271000	0731-TMT18-7.raw	RAW	0	NOT_DOWNLOADED_RAW
PXD038081	IPX0005271000	0731-TMT18-8.raw	RAW	0	NOT_DOWNLOADED_RAW
PXD038081	IPX0005271000	0731-TMT18-9.raw	RAW	0	NOT_DOWNLOADED_RAW
PXD038081	IPX0005271000	0813-TMT1-1.raw	RAW	0	NOT_DOWNLOADED_RAW
PXD038081	IPX0005271000	0813-TMT1-10.raw	RAW	0	NOT_DOWNLOADED_RAW
PXD038081	IPX0005271000	0813-TMT1-11.raw	RAW	0	NOT_DOWNLOADED_RAW
PXD038081	IPX0005271000	0813-TMT1-12.raw	RAW	0	NOT_DOWNLOADED_RAW
PXD038081	IPX0005271000	0813-TMT1-13.raw	RAW	0	NOT_DOWNLOADED_RAW
PXD038081	IPX0005271000	0813-TMT1-14.raw	RAW	0	NOT_DOWNLOADED_RAW
PXD038081	IPX0005271000	0813-TMT1-15.raw	RAW	0	NOT_DOWNLOADED_RAW
PXD038081	IPX0005271000	0813-TMT1-2.raw	RAW	0	NOT_DOWNLOADED_RAW
PXD038081	IPX0005271000	0813-TMT1-3.raw	RAW	0	NOT_DOWNLOADED_RAW
PXD038081	IPX0005271000	0813-TMT1-4.raw	RAW	0	NOT_DOWNLOADED_RAW
PXD038081	IPX0005271000	0813-TMT1-5.raw	RAW	0	NOT_DOWNLOADED_RAW
PXD038081	IPX0005271000	0813-TMT1-6.raw	RAW	0	NOT_DOWNLOADED_RAW
PXD038081	IPX0005271000	0813-TMT1-7.raw	RAW	0	NOT_DOWNLOADED_RAW
PXD038081	IPX0005271000	0813-TMT1-8.raw	RAW	0	NOT_DOWNLOADED_RAW
PXD038081	IPX0005271000	0813-TMT1-9.raw	RAW	0	NOT_DOWNLOADED_RAW
PXD038081	IPX0005271000	0818-TMT4-1.raw	RAW	0	NOT_DOWNLOADED_RAW
PXD038081	IPX0005271000	0818-TMT4-10.raw	RAW	0	NOT_DOWNLOADED_RAW
PXD038081	IPX0005271000	0818-TMT4-11.raw	RAW	0	NOT_DOWNLOADED_RAW
PXD038081	IPX0005271000	0818-TMT4-12.raw	RAW	0	NOT_DOWNLOADED_RAW
PXD038081	IPX0005271000	0818-TMT4-13.raw	RAW	0	NOT_DOWNLOADED_RAW
PXD038081	IPX0005271000	0818-TMT4-14.raw	RAW	0	NOT_DOWNLOADED_RAW
PXD038081	IPX0005271000	0818-TMT4-15.raw	RAW	0	NOT_DOWNLOADED_RAW
PXD038081	IPX0005271000	0818-TMT4-2.raw	RAW	0	NOT_DOWNLOADED_RAW
PXD038081	IPX0005271000	0818-TMT4-3.raw	RAW	0	NOT_DOWNLOADED_RAW
PXD038081	IPX0005271000	0818-TMT4-4.raw	RAW	0	NOT_DOWNLOADED_RAW
PXD038081	IPX0005271000	0818-TMT4-5.raw	RAW	0	NOT_DOWNLOADED_RAW
PXD038081	IPX0005271000	0818-TMT4-6.raw	RAW	0	NOT_DOWNLOADED_RAW
PXD038081	IPX0005271000	0818-TMT4-7.raw	RAW	0	NOT_DOWNLOADED_RAW
PXD038081	IPX0005271000	0818-TMT4-8.raw	RAW	0	NOT_DOWNLOADED_RAW
PXD038081	IPX0005271000	0818-TMT4-9.raw	RAW	0	NOT_DOWNLOADED_RAW
PXD038081	IPX0005271000	CCY1-1.raw	RAW	0	NOT_DOWNLOADED_RAW
PXD038081	IPX0005271000	CCY1-10_220701155853.raw	RAW	0	NOT_DOWNLOADED_RAW
PXD038081	IPX0005271000	CCY1-11_220701181821.raw	RAW	0	NOT_DOWNLOADED_RAW
PXD038081	IPX0005271000	CCY1-12_220701203745.raw	RAW	0	NOT_DOWNLOADED_RAW
PXD038081	IPX0005271000	CCY1-13_220702130753.raw	RAW	0	NOT_DOWNLOADED_RAW
PXD038081	IPX0005271000	CCY1-14_220702020401.raw	RAW	0	NOT_DOWNLOADED_RAW
PXD038081	IPX0005271000	CCY1-15_220702042335.raw	RAW	0	NOT_DOWNLOADED_RAW
PXD038081	IPX0005271000	CCY1-1_220630112330.raw	RAW	0	NOT_DOWNLOADED_RAW
PXD038081	IPX0005271000	CCY1-2-again 2022.06.29.raw	RAW	0	NOT_DOWNLOADED_RAW
PXD038081	IPX0005271000	CCY1-3_220630170528.raw	RAW	0	NOT_DOWNLOADED_RAW
PXD038081	IPX0005271000	CCY1-4_220701001614.raw	RAW	0	NOT_DOWNLOADED_RAW
PXD038081	IPX0005271000	CCY1-5-again_220701023458.raw	RAW	0	NOT_DOWNLOADED_RAW
PXD038081	IPX0005271000	CCY1-6_220701045353.raw	RAW	0	NOT_DOWNLOADED_RAW
PXD038081	IPX0005271000	CCY1-7_220701080112.raw	RAW	0	NOT_DOWNLOADED_RAW
PXD038081	IPX0005271000	CCY1-8_220701103148.raw	RAW	0	NOT_DOWNLOADED_RAW
PXD038081	IPX0005271000	CCY1-9_220701125114.raw	RAW	0	NOT_DOWNLOADED_RAW
PXD038081	IPX0005271000	CCY2-10.raw	RAW	0	NOT_DOWNLOADED_RAW
PXD038081	IPX0005271000	CCY2-11.raw	RAW	0	NOT_DOWNLOADED_RAW
PXD038081	IPX0005271000	CCY2-12.raw	RAW	0	NOT_DOWNLOADED_RAW
PXD038081	IPX0005271000	CCY2-13_220704142651.raw	RAW	0	NOT_DOWNLOADED_RAW
PXD038081	IPX0005271000	CCY2-14.raw	RAW	0	NOT_DOWNLOADED_RAW
PXD038081	IPX0005271000	CCY2-15.raw	RAW	0	NOT_DOWNLOADED_RAW
PXD038081	IPX0005271000	CCY2-2.raw	RAW	0	NOT_DOWNLOADED_RAW
PXD038081	IPX0005271000	CCY2-3-again.raw	RAW	0	NOT_DOWNLOADED_RAW
PXD038081	IPX0005271000	CCY2-4.raw	RAW	0	NOT_DOWNLOADED_RAW
PXD038081	IPX0005271000	CCY2-5.raw	RAW	0	NOT_DOWNLOADED_RAW
PXD038081	IPX0005271000	CCY2-6.raw	RAW	0	NOT_DOWNLOADED_RAW
PXD038081	IPX0005271000	CCY2-7.raw	RAW	0	NOT_DOWNLOADED_RAW
PXD038081	IPX0005271000	CCY2-8.raw	RAW	0	NOT_DOWNLOADED_RAW
PXD038081	IPX0005271000	CCY2-9.raw	RAW	0	NOT_DOWNLOADED_RAW
PXD038081	IPX0005271000	CRC-PHOS-TMT1.zip	OTHER	0	NOT_DOWNLOADED_FILENAME_FILTER
PXD038081	IPX0005271000	CRC-PHOS-TMT10.zip	OTHER	0	NOT_DOWNLOADED_FILENAME_FILTER
PXD038081	IPX0005271000	CRC-PHOS-TMT11.zip	OTHER	0	NOT_DOWNLOADED_FILENAME_FILTER
PXD038081	IPX0005271000	CRC-PHOS-TMT12.zip	OTHER	0	NOT_DOWNLOADED_FILENAME_FILTER
PXD038081	IPX0005271000	CRC-PHOS-TMT13.zip	OTHER	0	NOT_DOWNLOADED_FILENAME_FILTER
PXD038081	IPX0005271000	CRC-PHOS-TMT14.zip	OTHER	0	NOT_DOWNLOADED_FILENAME_FILTER
PXD038081	IPX0005271000	CRC-PHOS-TMT15.zip	OTHER	0	NOT_DOWNLOADED_FILENAME_FILTER
PXD038081	IPX0005271000	CRC-PHOS-TMT16.zip	OTHER	0	NOT_DOWNLOADED_FILENAME_FILTER
PXD038081	IPX0005271000	CRC-PHOS-TMT17.zip	OTHER	0	NOT_DOWNLOADED_FILENAME_FILTER
PXD038081	IPX0005271000	CRC-PHOS-TMT18.zip	OTHER	0	NOT_DOWNLOADED_FILENAME_FILTER
PXD038081	IPX0005271000	CRC-PHOS-TMT2.zip	OTHER	0	NOT_DOWNLOADED_FILENAME_FILTER
PXD038081	IPX0005271000	CRC-PHOS-TMT3.zip	OTHER	0	NOT_DOWNLOADED_FILENAME_FILTER
PXD038081	IPX0005271000	CRC-PHOS-TMT4.zip	OTHER	0	NOT_DOWNLOADED_FILENAME_FILTER
PXD038081	IPX0005271000	CRC-PHOS-TMT5.zip	OTHER	0	NOT_DOWNLOADED_FILENAME_FILTER
PXD038081	IPX0005271000	CRC-PHOS-TMT6.zip	OTHER	0	NOT_DOWNLOADED_FILENAME_FILTER
PXD038081	IPX0005271000	CRC-PHOS-TMT7.zip	OTHER	0	NOT_DOWNLOADED_FILENAME_FILTER
PXD038081	IPX0005271000	CRC-PHOS-TMT8.zip	OTHER	0	NOT_DOWNLOADED_FILENAME_FILTER
PXD038081	IPX0005271000	CRC-PHOS-TMT9.zip	OTHER	0	NOT_DOWNLOADED_FILENAME_FILTER
PXD038081	IPX0005271000	CRC-PRO-TMT1.zip	OTHER	0	NOT_DOWNLOADED_FILENAME_FILTER
PXD038081	IPX0005271000	CRC-PRO-TMT10.zip	OTHER	0	NOT_DOWNLOADED_FILENAME_FILTER
PXD038081	IPX0005271000	CRC-PRO-TMT11.zip	OTHER	0	NOT_DOWNLOADED_FILENAME_FILTER
PXD038081	IPX0005271000	CRC-PRO-TMT12.zip	OTHER	0	NOT_DOWNLOADED_FILENAME_FILTER
PXD038081	IPX0005271000	CRC-PRO-TMT13.zip	OTHER	0	NOT_DOWNLOADED_FILENAME_FILTER
PXD038081	IPX0005271000	CRC-PRO-TMT14.zip	OTHER	0	NOT_DOWNLOADED_FILENAME_FILTER
PXD038081	IPX0005271000	CRC-PRO-TMT15.zip	OTHER	0	NOT_DOWNLOADED_FILENAME_FILTER
PXD038081	IPX0005271000	CRC-PRO-TMT16.zip	OTHER	0	NOT_DOWNLOADED_FILENAME_FILTER
PXD038081	IPX0005271000	CRC-PRO-TMT17.zip	OTHER	0	NOT_DOWNLOADED_FILENAME_FILTER
PXD038081	IPX0005271000	CRC-PRO-TMT18.zip	OTHER	0	NOT_DOWNLOADED_FILENAME_FILTER
PXD038081	IPX0005271000	CRC-PRO-TMT19.zip	OTHER	0	NOT_DOWNLOADED_FILENAME_FILTER
PXD038081	IPX0005271000	CRC-PRO-TMT2.zip	OTHER	0	NOT_DOWNLOADED_FILENAME_FILTER
PXD038081	IPX0005271000	CRC-PRO-TMT3.zip	OTHER	0	NOT_DOWNLOADED_FILENAME_FILTER
PXD038081	IPX0005271000	CRC-PRO-TMT4.zip	OTHER	0	NOT_DOWNLOADED_FILENAME_FILTER
PXD038081	IPX0005271000	CRC-PRO-TMT6.zip	OTHER	0	NOT_DOWNLOADED_FILENAME_FILTER
PXD038081	IPX0005271000	CRC-PRO-TMT7.zip	OTHER	0	NOT_DOWNLOADED_FILENAME_FILTER
PXD038081	IPX0005271000	CRC-PRO-TMT8.zip	OTHER	0	NOT_DOWNLOADED_FILENAME_FILTER
PXD038081	IPX0005271000	CRC-PRO-TMT9.zip	OTHER	0	NOT_DOWNLOADED_FILENAME_FILTER
PXD038081	IPX0005271000	Cell-PHOS.zip	OTHER	0	NOT_DOWNLOADED_FILENAME_FILTER
PXD038081	IPX0005271000	Cell-PRO.7z	OTHER	0	NOT_DOWNLOADED_FILENAME_FILTER
PXD038081	IPX0005271000	Sample.xlsx	OTHER	0	NOT_DOWNLOADED_FILENAME_FILTER
PXD038081	IPX0005271000	ZR-P1.raw	RAW	0	NOT_DOWNLOADED_RAW
PXD038081	IPX0005271000	ZR-P10.raw	RAW	0	NOT_DOWNLOADED_RAW
PXD038081	IPX0005271000	ZR-P11.raw	RAW	0	NOT_DOWNLOADED_RAW
PXD038081	IPX0005271000	ZR-P12.raw	RAW	0	NOT_DOWNLOADED_RAW
PXD038081	IPX0005271000	ZR-P13.raw	RAW	0	NOT_DOWNLOADED_RAW
PXD038081	IPX0005271000	ZR-P14.raw	RAW	0	NOT_DOWNLOADED_RAW
PXD038081	IPX0005271000	ZR-P15.raw	RAW	0	NOT_DOWNLOADED_RAW
PXD038081	IPX0005271000	ZR-P16.raw	RAW	0	NOT_DOWNLOADED_RAW
PXD038081	IPX0005271000	ZR-P17.raw	RAW	0	NOT_DOWNLOADED_RAW
PXD038081	IPX0005271000	ZR-P18.raw	RAW	0	NOT_DOWNLOADED_RAW
PXD038081	IPX0005271000	ZR-P19.raw	RAW	0	NOT_DOWNLOADED_RAW
PXD038081	IPX0005271000	ZR-P2.raw	RAW	0	NOT_DOWNLOADED_RAW
PXD038081	IPX0005271000	ZR-P20.raw	RAW	0	NOT_DOWNLOADED_RAW
PXD038081	IPX0005271000	ZR-P21.raw	RAW	0	NOT_DOWNLOADED_RAW
PXD038081	IPX0005271000	ZR-P22.raw	RAW	0	NOT_DOWNLOADED_RAW
PXD038081	IPX0005271000	ZR-P23.raw	RAW	0	NOT_DOWNLOADED_RAW
PXD038081	IPX0005271000	ZR-P24.raw	RAW	0	NOT_DOWNLOADED_RAW
PXD038081	IPX0005271000	ZR-P25.raw	RAW	0	NOT_DOWNLOADED_RAW
PXD038081	IPX0005271000	ZR-P26.raw	RAW	0	NOT_DOWNLOADED_RAW
PXD038081	IPX0005271000	ZR-P27.raw	RAW	0	NOT_DOWNLOADED_RAW
PXD038081	IPX0005271000	ZR-P28.raw	RAW	0	NOT_DOWNLOADED_RAW
PXD038081	IPX0005271000	ZR-P29.raw	RAW	0	NOT_DOWNLOADED_RAW
PXD038081	IPX0005271000	ZR-P3.raw	RAW	0	NOT_DOWNLOADED_RAW
PXD038081	IPX0005271000	ZR-P30.raw	RAW	0	NOT_DOWNLOADED_RAW
PXD038081	IPX0005271000	ZR-P4.raw	RAW	0	NOT_DOWNLOADED_RAW
PXD038081	IPX0005271000	ZR-P5.raw	RAW	0	NOT_DOWNLOADED_RAW
PXD038081	IPX0005271000	ZR-P6.raw	RAW	0	NOT_DOWNLOADED_RAW
PXD038081	IPX0005271000	ZR-P7.raw	RAW	0	NOT_DOWNLOADED_RAW
PXD038081	IPX0005271000	ZR-P8.raw	RAW	0	NOT_DOWNLOADED_RAW
PXD038081	IPX0005271000	ZR-P9.raw	RAW	0	NOT_DOWNLOADED_RAW
PXD038081	IPX0005271000	ZR-PHOS-1.raw	RAW	0	NOT_DOWNLOADED_RAW
PXD038081	IPX0005271000	ZR-PHOS-2.raw	RAW	0	NOT_DOWNLOADED_RAW
PXD038081	IPX0005271000	ZR-PHOS-3.raw	RAW	0	NOT_DOWNLOADED_RAW
PXD038081	IPX0005271000	ZR-PHOS-4.raw	RAW	0	NOT_DOWNLOADED_RAW
PXD038081	IPX0005271000	ZR-PHOS-5.raw	RAW	0	NOT_DOWNLOADED_RAW
PXD038081	IPX0005271000	ZR-PHOS-6.raw	RAW	0	NOT_DOWNLOADED_RAW
PXD038081	IPX0005271000	ZR-PHOS-7.raw	RAW	0	NOT_DOWNLOADED_RAW
PXD038081	IPX0005271000	ZR1-1.raw	RAW	0	NOT_DOWNLOADED_RAW
PXD038081	IPX0005271000	ZR1-2.raw	RAW	0	NOT_DOWNLOADED_RAW
PXD038081	IPX0005271000	ZR1-3.raw	RAW	0	NOT_DOWNLOADED_RAW
PXD038081	IPX0005271000	ZR1-4.raw	RAW	0	NOT_DOWNLOADED_RAW
PXD038081	IPX0005271000	ZR1-5.raw	RAW	0	NOT_DOWNLOADED_RAW
PXD038081	IPX0005271000	ZR10-1.raw	RAW	0	NOT_DOWNLOADED_RAW
PXD038081	IPX0005271000	ZR10-2.raw	RAW	0	NOT_DOWNLOADED_RAW
PXD038081	IPX0005271000	ZR10-3.raw	RAW	0	NOT_DOWNLOADED_RAW
PXD038081	IPX0005271000	ZR10-4.raw	RAW	0	NOT_DOWNLOADED_RAW
PXD038081	IPX0005271000	ZR10-5.raw	RAW	0	NOT_DOWNLOADED_RAW
PXD038081	IPX0005271000	ZR11-1.raw	RAW	0	NOT_DOWNLOADED_RAW
PXD038081	IPX0005271000	ZR11-2.raw	RAW	0	NOT_DOWNLOADED_RAW
PXD038081	IPX0005271000	ZR11-3.raw	RAW	0	NOT_DOWNLOADED_RAW
PXD038081	IPX0005271000	ZR11-4.raw	RAW	0	NOT_DOWNLOADED_RAW
PXD038081	IPX0005271000	ZR11-5.raw	RAW	0	NOT_DOWNLOADED_RAW
PXD038081	IPX0005271000	ZR12-1.raw	RAW	0	NOT_DOWNLOADED_RAW
PXD038081	IPX0005271000	ZR12-2.raw	RAW	0	NOT_DOWNLOADED_RAW
PXD038081	IPX0005271000	ZR12-3.raw	RAW	0	NOT_DOWNLOADED_RAW
PXD038081	IPX0005271000	ZR12-4.raw	RAW	0	NOT_DOWNLOADED_RAW
PXD038081	IPX0005271000	ZR12-5.raw	RAW	0	NOT_DOWNLOADED_RAW
PXD038081	IPX0005271000	ZR13-1.raw	RAW	0	NOT_DOWNLOADED_RAW
PXD038081	IPX0005271000	ZR13-2.raw	RAW	0	NOT_DOWNLOADED_RAW
PXD038081	IPX0005271000	ZR13-3.raw	RAW	0	NOT_DOWNLOADED_RAW
PXD038081	IPX0005271000	ZR13-4.raw	RAW	0	NOT_DOWNLOADED_RAW
PXD038081	IPX0005271000	ZR13-5.raw	RAW	0	NOT_DOWNLOADED_RAW
PXD038081	IPX0005271000	ZR14-1.raw	RAW	0	NOT_DOWNLOADED_RAW
PXD038081	IPX0005271000	ZR14-2.raw	RAW	0	NOT_DOWNLOADED_RAW
PXD038081	IPX0005271000	ZR14-3.raw	RAW	0	NOT_DOWNLOADED_RAW
PXD038081	IPX0005271000	ZR14-4.raw	RAW	0	NOT_DOWNLOADED_RAW
PXD038081	IPX0005271000	ZR14-5.raw	RAW	0	NOT_DOWNLOADED_RAW
PXD038081	IPX0005271000	ZR15-1.raw	RAW	0	NOT_DOWNLOADED_RAW
PXD038081	IPX0005271000	ZR15-2.raw	RAW	0	NOT_DOWNLOADED_RAW
PXD038081	IPX0005271000	ZR15-3.raw	RAW	0	NOT_DOWNLOADED_RAW
PXD038081	IPX0005271000	ZR15-4.raw	RAW	0	NOT_DOWNLOADED_RAW
PXD038081	IPX0005271000	ZR15-5.raw	RAW	0	NOT_DOWNLOADED_RAW
PXD038081	IPX0005271000	ZR16-1.raw	RAW	0	NOT_DOWNLOADED_RAW
PXD038081	IPX0005271000	ZR16-2.raw	RAW	0	NOT_DOWNLOADED_RAW
PXD038081	IPX0005271000	ZR16-3.raw	RAW	0	NOT_DOWNLOADED_RAW
PXD038081	IPX0005271000	ZR16-4.raw	RAW	0	NOT_DOWNLOADED_RAW
PXD038081	IPX0005271000	ZR16-5.raw	RAW	0	NOT_DOWNLOADED_RAW
PXD038081	IPX0005271000	ZR17-1.raw	RAW	0	NOT_DOWNLOADED_RAW
PXD038081	IPX0005271000	ZR17-2.raw	RAW	0	NOT_DOWNLOADED_RAW
PXD038081	IPX0005271000	ZR17-3.raw	RAW	0	NOT_DOWNLOADED_RAW
PXD038081	IPX0005271000	ZR17-4.raw	RAW	0	NOT_DOWNLOADED_RAW
PXD038081	IPX0005271000	ZR17-5.raw	RAW	0	NOT_DOWNLOADED_RAW
PXD038081	IPX0005271000	ZR18-1.raw	RAW	0	NOT_DOWNLOADED_RAW
PXD038081	IPX0005271000	ZR18-2.raw	RAW	0	NOT_DOWNLOADED_RAW
PXD038081	IPX0005271000	ZR18-3.raw	RAW	0	NOT_DOWNLOADED_RAW
PXD038081	IPX0005271000	ZR18-4.raw	RAW	0	NOT_DOWNLOADED_RAW
PXD038081	IPX0005271000	ZR18-5.raw	RAW	0	NOT_DOWNLOADED_RAW
PXD038081	IPX0005271000	ZR2-1.raw	RAW	0	NOT_DOWNLOADED_RAW
PXD038081	IPX0005271000	ZR2-2.raw	RAW	0	NOT_DOWNLOADED_RAW
PXD038081	IPX0005271000	ZR2-3.raw	RAW	0	NOT_DOWNLOADED_RAW
PXD038081	IPX0005271000	ZR2-4.raw	RAW	0	NOT_DOWNLOADED_RAW
PXD038081	IPX0005271000	ZR2-5.raw	RAW	0	NOT_DOWNLOADED_RAW
PXD038081	IPX0005271000	ZR3-1.raw	RAW	0	NOT_DOWNLOADED_RAW
PXD038081	IPX0005271000	ZR3-2.raw	RAW	0	NOT_DOWNLOADED_RAW
PXD038081	IPX0005271000	ZR3-3.raw	RAW	0	NOT_DOWNLOADED_RAW
PXD038081	IPX0005271000	ZR3-4.raw	RAW	0	NOT_DOWNLOADED_RAW
PXD038081	IPX0005271000	ZR3-5.raw	RAW	0	NOT_DOWNLOADED_RAW
PXD038081	IPX0005271000	ZR4-1.raw	RAW	0	NOT_DOWNLOADED_RAW
PXD038081	IPX0005271000	ZR4-2.raw	RAW	0	NOT_DOWNLOADED_RAW
PXD038081	IPX0005271000	ZR4-3.raw	RAW	0	NOT_DOWNLOADED_RAW
PXD038081	IPX0005271000	ZR4-4.raw	RAW	0	NOT_DOWNLOADED_RAW
PXD038081	IPX0005271000	ZR4-5.raw	RAW	0	NOT_DOWNLOADED_RAW
PXD038081	IPX0005271000	ZR5-1.raw	RAW	0	NOT_DOWNLOADED_RAW
PXD038081	IPX0005271000	ZR5-2.raw	RAW	0	NOT_DOWNLOADED_RAW
PXD038081	IPX0005271000	ZR5-3.raw	RAW	0	NOT_DOWNLOADED_RAW
PXD038081	IPX0005271000	ZR5-4.raw	RAW	0	NOT_DOWNLOADED_RAW
PXD038081	IPX0005271000	ZR5-5.raw	RAW	0	NOT_DOWNLOADED_RAW
PXD038081	IPX0005271000	ZR6-1.raw	RAW	0	NOT_DOWNLOADED_RAW
PXD038081	IPX0005271000	ZR6-2.raw	RAW	0	NOT_DOWNLOADED_RAW
PXD038081	IPX0005271000	ZR6-3.raw	RAW	0	NOT_DOWNLOADED_RAW
PXD038081	IPX0005271000	ZR6-4.raw	RAW	0	NOT_DOWNLOADED_RAW
PXD038081	IPX0005271000	ZR6-5.raw	RAW	0	NOT_DOWNLOADED_RAW
PXD038081	IPX0005271000	ZR7-1.raw	RAW	0	NOT_DOWNLOADED_RAW
PXD038081	IPX0005271000	ZR7-2.raw	RAW	0	NOT_DOWNLOADED_RAW
PXD038081	IPX0005271000	ZR7-3.raw	RAW	0	NOT_DOWNLOADED_RAW
PXD038081	IPX0005271000	ZR7-4.raw	RAW	0	NOT_DOWNLOADED_RAW
PXD038081	IPX0005271000	ZR7-5.raw	RAW	0	NOT_DOWNLOADED_RAW
PXD038081	IPX0005271000	ZR8-1.raw	RAW	0	NOT_DOWNLOADED_RAW
PXD038081	IPX0005271000	ZR8-2.raw	RAW	0	NOT_DOWNLOADED_RAW
PXD038081	IPX0005271000	ZR8-3.raw	RAW	0	NOT_DOWNLOADED_RAW
PXD038081	IPX0005271000	ZR8-4.raw	RAW	0	NOT_DOWNLOADED_RAW
PXD038081	IPX0005271000	ZR8-5.raw	RAW	0	NOT_DOWNLOADED_RAW
PXD038081	IPX0005271000	ZR9-1.raw	RAW	0	NOT_DOWNLOADED_RAW
PXD038081	IPX0005271000	ZR9-2.raw	RAW	0	NOT_DOWNLOADED_RAW
PXD038081	IPX0005271000	ZR9-3.raw	RAW	0	NOT_DOWNLOADED_RAW
PXD038081	IPX0005271000	ZR9-4.raw	RAW	0	NOT_DOWNLOADED_RAW
PXD038081	IPX0005271000	ZR9-5.raw	RAW	0	NOT_DOWNLOADED_RAW
PXD038081	IPX0005271000	mqpar.xml	SEARCH	0	NOT_DOWNLOADED_FILENAME_FILTER
PXD044246	PXD044246	20191009_EXP1_Evo1_DBJ_DIAprot_15k2s_CV-45_PAC_COLON_sample-165_02.raw	RAW	1347196854	NOT_DOWNLOADED_RAW
PXD044246	PXD044246	20191009_EXP1_Evo1_DBJ_DIAprot_15k2s_CV-45_PAC_COLON_sample-166_02.raw	RAW	1276644431	NOT_DOWNLOADED_RAW
PXD044246	PXD044246	20191009_EXP1_Evo1_DBJ_DIAprot_15k2s_CV-45_PAC_COLON_sample-167_02.raw	RAW	1225609928	NOT_DOWNLOADED_RAW
PXD044246	PXD044246	20191009_EXP1_Evo1_DBJ_DIAprot_15k2s_CV-45_PAC_COLON_sample-168_02.raw	RAW	745547340	NOT_DOWNLOADED_RAW
PXD044246	PXD044246	20191009_EXP1_Evo1_DBJ_DIAprot_15k2s_CV-45_PAC_COLON_sample-169_02.raw	RAW	1070359534	NOT_DOWNLOADED_RAW
PXD044246	PXD044246	20191009_EXP1_Evo1_DBJ_DIAprot_15k2s_CV-45_PAC_COLON_sample-170_02.raw	RAW	736666642	NOT_DOWNLOADED_RAW
PXD044246	PXD044246	20191009_EXP1_Evo1_DBJ_DIAprot_15k2s_CV-45_PAC_COLON_sample-171_02.raw	RAW	1005837109	NOT_DOWNLOADED_RAW
PXD044246	PXD044246	20191009_EXP1_Evo1_DBJ_DIAprot_15k2s_CV-45_PAC_COLON_sample-172_02.raw	RAW	943305263	NOT_DOWNLOADED_RAW
PXD044246	PXD044246	20191009_EXP1_Evo1_DBJ_DIAprot_15k2s_CV-45_PAC_COLON_sample-173_02.raw	RAW	801602628	NOT_DOWNLOADED_RAW
PXD044246	PXD044246	20191009_EXP1_Evo1_DBJ_DIAprot_15k2s_CV-45_PAC_COLON_sample-174_02.raw	RAW	1290288994	NOT_DOWNLOADED_RAW
PXD044246	PXD044246	20191009_EXP1_Evo1_DBJ_DIAprot_15k2s_CV-45_PAC_COLON_sample-175_02.raw	RAW	1042499180	NOT_DOWNLOADED_RAW
PXD044246	PXD044246	20191009_EXP1_Evo1_DBJ_DIAprot_15k2s_CV-45_PAC_COLON_sample-176_02.raw	RAW	1323881044	NOT_DOWNLOADED_RAW
PXD044246	PXD044246	20191009_EXP1_Evo1_DBJ_DIAprot_15k2s_CV-45_PAC_COLON_sample-177_02.raw	RAW	1316971680	NOT_DOWNLOADED_RAW
PXD044246	PXD044246	20191009_EXP1_Evo1_DBJ_DIAprot_15k2s_CV-45_PAC_COLON_sample-178_02.raw	RAW	1350540193	NOT_DOWNLOADED_RAW
PXD044246	PXD044246	20191009_EXP1_Evo1_DBJ_DIAprot_15k2s_CV-45_PAC_COLON_sample-179_02.raw	RAW	1272166217	NOT_DOWNLOADED_RAW
PXD044246	PXD044246	20191009_EXP1_Evo1_DBJ_DIAprot_15k2s_CV-45_PAC_COLON_sample-180_02.raw	RAW	565249050	NOT_DOWNLOADED_RAW
PXD044246	PXD044246	20191009_EXP1_Evo1_DBJ_DIAprot_15k2s_CV-45_PAC_COLON_sample-182_02.raw	RAW	1206943252	NOT_DOWNLOADED_RAW
PXD044246	PXD044246	20191009_EXP1_Evo1_DBJ_DIAprot_15k2s_CV-45_PAC_COLON_sample-183_02.raw	RAW	1306588562	NOT_DOWNLOADED_RAW
PXD044246	PXD044246	20191009_EXP1_Evo1_DBJ_DIAprot_15k2s_CV-45_PAC_COLON_sample-184_02.raw	RAW	1382669844	NOT_DOWNLOADED_RAW
PXD044246	PXD044246	20191009_EXP1_Evo1_DBJ_DIAprot_15k2s_CV-45_PAC_COLON_sample-185_02.raw	RAW	1049541284	NOT_DOWNLOADED_RAW
PXD044246	PXD044246	20191009_EXP1_Evo1_DBJ_DIAprot_15k2s_CV-45_PAC_COLON_sample-186_02.raw	RAW	1647720873	NOT_DOWNLOADED_RAW
PXD044246	PXD044246	20191009_EXP1_Evo1_DBJ_DIAprot_15k2s_CV-45_PAC_COLON_sample-187_02.raw	RAW	1444375637	NOT_DOWNLOADED_RAW
PXD044246	PXD044246	20191009_EXP1_Evo1_DBJ_DIAprot_15k2s_CV-45_PAC_COLON_sample-188_02.raw	RAW	1314211654	NOT_DOWNLOADED_RAW
PXD044246	PXD044246	20191009_EXP1_Evo1_DBJ_DIAprot_15k2s_CV-45_PAC_COLON_sample-189_02.raw	RAW	1499378822	NOT_DOWNLOADED_RAW
PXD044246	PXD044246	20191009_EXP1_Evo1_DBJ_DIAprot_15k2s_CV-45_PAC_COLON_sample-190_02.raw	RAW	1504687704	NOT_DOWNLOADED_RAW
PXD044246	PXD044246	20191009_EXP1_Evo1_DBJ_DIAprot_15k2s_CV-45_PAC_COLON_sample-191_02.raw	RAW	1521776389	NOT_DOWNLOADED_RAW
PXD044246	PXD044246	20191009_EXP1_Evo1_DBJ_DIAprot_15k2s_CV-45_PAC_COLON_sample-192_02.raw	RAW	1377193566	NOT_DOWNLOADED_RAW
PXD044246	PXD044246	20191009_EXP1_Evo1_DBJ_DIAprot_15k2s_CV-45_PAC_COLON_sample-193_02.raw	RAW	1245477569	NOT_DOWNLOADED_RAW
PXD044246	PXD044246	20191009_EXP1_Evo1_DBJ_DIAprot_15k2s_CV-45_PAC_COLON_sample-194_02.raw	RAW	935244316	NOT_DOWNLOADED_RAW
PXD044246	PXD044246	20191009_EXP1_Evo1_DBJ_DIAprot_15k2s_CV-45_PAC_COLON_sample-195_02.raw	RAW	1574777619	NOT_DOWNLOADED_RAW
PXD044246	PXD044246	20191009_EXP1_Evo1_DBJ_DIAprot_15k2s_CV-45_PAC_COLON_sample-196_02.raw	RAW	1461112172	NOT_DOWNLOADED_RAW
PXD044246	PXD044246	20191009_EXP1_Evo1_DBJ_DIAprot_15k2s_CV-45_PAC_COLON_sample-197_02.raw	RAW	1257186165	NOT_DOWNLOADED_RAW
PXD044246	PXD044246	20191009_EXP1_Evo1_DBJ_DIAprot_15k2s_CV-45_PAC_COLON_sample-198_02.raw	RAW	1107346462	NOT_DOWNLOADED_RAW
PXD044246	PXD044246	20191009_EXP1_Evo1_DBJ_DIAprot_15k2s_CV-45_PAC_COLON_sample-199_02.raw	RAW	1314257721	NOT_DOWNLOADED_RAW
PXD044246	PXD044246	20191009_EXP1_Evo1_DBJ_DIAprot_15k2s_CV-45_PAC_COLON_sample-200_02.raw	RAW	1464311974	NOT_DOWNLOADED_RAW
PXD044246	PXD044246	20191009_EXP1_Evo1_DBJ_DIAprot_15k2s_CV-45_PAC_COLON_sample-201_02.raw	RAW	1364290658	NOT_DOWNLOADED_RAW
PXD044246	PXD044246	20191009_EXP1_Evo1_DBJ_DIAprot_15k2s_CV-45_PAC_COLON_sample-202_02.raw	RAW	1140230279	NOT_DOWNLOADED_RAW
PXD044246	PXD044246	20191009_EXP1_Evo1_DBJ_DIAprot_15k2s_PAC_COLON_sample-165.raw	RAW	1151142000	NOT_DOWNLOADED_RAW
PXD044246	PXD044246	20191009_EXP1_Evo1_DBJ_DIAprot_15k2s_PAC_COLON_sample-166.raw	RAW	1055623854	NOT_DOWNLOADED_RAW
PXD044246	PXD044246	20191009_EXP1_Evo1_DBJ_DIAprot_15k2s_PAC_COLON_sample-167.raw	RAW	1076851042	NOT_DOWNLOADED_RAW
PXD044246	PXD044246	20191009_EXP1_Evo1_DBJ_DIAprot_15k2s_PAC_COLON_sample-169.raw	RAW	896124967	NOT_DOWNLOADED_RAW
PXD044246	PXD044246	20191009_EXP1_Evo1_DBJ_DIAprot_15k2s_PAC_COLON_sample-171.raw	RAW	870724968	NOT_DOWNLOADED_RAW
PXD044246	PXD044246	20191009_EXP1_Evo1_DBJ_DIAprot_15k2s_PAC_COLON_sample-172.raw	RAW	1128990745	NOT_DOWNLOADED_RAW
PXD044246	PXD044246	20191009_EXP1_Evo1_DBJ_DIAprot_15k2s_PAC_COLON_sample-174.raw	RAW	1095722502	NOT_DOWNLOADED_RAW
PXD044246	PXD044246	20191009_EXP1_Evo1_DBJ_DIAprot_15k2s_PAC_COLON_sample-178.raw	RAW	1134415106	NOT_DOWNLOADED_RAW
PXD044246	PXD044246	20191009_EXP1_Evo1_DBJ_DIAprot_15k2s_PAC_COLON_sample-179.raw	RAW	1128090086	NOT_DOWNLOADED_RAW
PXD044246	PXD044246	20191009_EXP1_Evo1_DBJ_DIAprot_15k2s_PAC_COLON_sample-181.raw	RAW	1399747050	NOT_DOWNLOADED_RAW
PXD044246	PXD044246	20191009_EXP1_Evo1_DBJ_DIAprot_15k2s_PAC_COLON_sample-182.raw	RAW	960244150	NOT_DOWNLOADED_RAW
PXD044246	PXD044246	20191009_EXP1_Evo1_DBJ_DIAprot_15k2s_PAC_COLON_sample-183.raw	RAW	1141928786	NOT_DOWNLOADED_RAW
PXD044246	PXD044246	20191009_EXP1_Evo1_DBJ_DIAprot_15k2s_PAC_COLON_sample-184.raw	RAW	1237283755	NOT_DOWNLOADED_RAW
PXD044246	PXD044246	20191009_EXP1_Evo1_DBJ_DIAprot_15k2s_PAC_COLON_sample-185.raw	RAW	927067498	NOT_DOWNLOADED_RAW
PXD044246	PXD044246	20191009_EXP1_Evo1_DBJ_DIAprot_15k2s_PAC_COLON_sample-186.raw	RAW	1537315054	NOT_DOWNLOADED_RAW
PXD044246	PXD044246	20191009_EXP1_Evo1_DBJ_DIAprot_15k2s_PAC_COLON_sample-187.raw	RAW	1354494009	NOT_DOWNLOADED_RAW
PXD044246	PXD044246	20191009_EXP1_Evo1_DBJ_DIAprot_15k2s_PAC_COLON_sample-188.raw	RAW	1123907744	NOT_DOWNLOADED_RAW
PXD044246	PXD044246	20191009_EXP1_Evo1_DBJ_DIAprot_15k2s_PAC_COLON_sample-189.raw	RAW	1327559037	NOT_DOWNLOADED_RAW
PXD044246	PXD044246	20191009_EXP1_Evo1_DBJ_DIAprot_15k2s_PAC_COLON_sample-190.raw	RAW	1319457361	NOT_DOWNLOADED_RAW
PXD044246	PXD044246	20191009_EXP1_Evo1_DBJ_DIAprot_15k2s_PAC_COLON_sample-191.raw	RAW	1371035293	NOT_DOWNLOADED_RAW
PXD044246	PXD044246	20191009_EXP1_Evo1_DBJ_DIAprot_15k2s_PAC_COLON_sample-192.raw	RAW	1189489283	NOT_DOWNLOADED_RAW
PXD044246	PXD044246	20191009_EXP1_Evo1_DBJ_DIAprot_15k2s_PAC_COLON_sample-193.raw	RAW	1080043193	NOT_DOWNLOADED_RAW
PXD044246	PXD044246	20191009_EXP1_Evo1_DBJ_DIAprot_15k2s_PAC_COLON_sample-194.raw	RAW	765975695	NOT_DOWNLOADED_RAW
PXD044246	PXD044246	20191009_EXP1_Evo1_DBJ_DIAprot_15k2s_PAC_COLON_sample-195.raw	RAW	1431957114	NOT_DOWNLOADED_RAW
PXD044246	PXD044246	20191009_EXP1_Evo1_DBJ_DIAprot_15k2s_PAC_COLON_sample-196.raw	RAW	1278035553	NOT_DOWNLOADED_RAW
PXD044246	PXD044246	20191009_EXP1_Evo1_DBJ_DIAprot_15k2s_PAC_COLON_sample-197.raw	RAW	1054006612	NOT_DOWNLOADED_RAW
PXD044246	PXD044246	20191009_EXP1_Evo1_DBJ_DIAprot_15k2s_PAC_COLON_sample-198.raw	RAW	970669154	NOT_DOWNLOADED_RAW
PXD044246	PXD044246	20191009_EXP1_Evo1_DBJ_DIAprot_15k2s_PAC_COLON_sample-199.raw	RAW	1137167092	NOT_DOWNLOADED_RAW
PXD044246	PXD044246	20191009_EXP1_Evo1_DBJ_DIAprot_15k2s_PAC_COLON_sample-200.raw	RAW	1317197931	NOT_DOWNLOADED_RAW
PXD044246	PXD044246	20191009_EXP1_Evo1_DBJ_DIAprot_15k2s_PAC_COLON_sample-201.raw	RAW	1146670634	NOT_DOWNLOADED_RAW
PXD044246	PXD044246	20191009_EXP1_Evo1_DBJ_DIAprot_15k2s_PAC_COLON_sample-202.raw	RAW	984541655	NOT_DOWNLOADED_RAW
PXD044246	PXD044246	20191016_EXP1_Evo1_DBJ_DIAprot_15k2s_CV-45_SOL_COLON_sample-122.raw	RAW	1516125276	NOT_DOWNLOADED_RAW
PXD044246	PXD044246	20191016_EXP1_Evo1_DBJ_DIAprot_15k2s_CV-45_SOL_COLON_sample-123.raw	RAW	1165441962	NOT_DOWNLOADED_RAW
PXD044246	PXD044246	20191016_EXP1_Evo1_DBJ_DIAprot_15k2s_CV-45_SOL_COLON_sample-124.raw	RAW	1603269985	NOT_DOWNLOADED_RAW
PXD044246	PXD044246	20191016_EXP1_Evo1_DBJ_DIAprot_15k2s_CV-45_SOL_COLON_sample-125.raw	RAW	1340475767	NOT_DOWNLOADED_RAW
PXD044246	PXD044246	20191016_EXP1_Evo1_DBJ_DIAprot_15k2s_CV-45_SOL_COLON_sample-126.raw	RAW	1378136988	NOT_DOWNLOADED_RAW
PXD044246	PXD044246	20191016_EXP1_Evo1_DBJ_DIAprot_15k2s_CV-45_SOL_COLON_sample-127.raw	RAW	1554959464	NOT_DOWNLOADED_RAW
PXD044246	PXD044246	20191016_EXP1_Evo1_DBJ_DIAprot_15k2s_CV-45_SOL_COLON_sample-128.raw	RAW	1303669534	NOT_DOWNLOADED_RAW
PXD044246	PXD044246	20191016_EXP1_Evo1_DBJ_DIAprot_15k2s_CV-45_SOL_COLON_sample-129.raw	RAW	895607673	NOT_DOWNLOADED_RAW
PXD044246	PXD044246	20191016_EXP1_Evo1_DBJ_DIAprot_15k2s_CV-45_SOL_COLON_sample-130.raw	RAW	930880638	NOT_DOWNLOADED_RAW
PXD044246	PXD044246	20191016_EXP1_Evo1_DBJ_DIAprot_15k2s_CV-45_SOL_COLON_sample-131.raw	RAW	927080767	NOT_DOWNLOADED_RAW
PXD044246	PXD044246	20191016_EXP1_Evo1_DBJ_DIAprot_15k2s_CV-45_SOL_COLON_sample-132.raw	RAW	1072822909	NOT_DOWNLOADED_RAW
PXD044246	PXD044246	20191016_EXP1_Evo1_DBJ_DIAprot_15k2s_CV-45_SOL_COLON_sample-133.raw	RAW	1683391429	NOT_DOWNLOADED_RAW
PXD044246	PXD044246	20191016_EXP1_Evo1_DBJ_DIAprot_15k2s_CV-45_SOL_COLON_sample-134.raw	RAW	1474962280	NOT_DOWNLOADED_RAW
PXD044246	PXD044246	20191016_EXP1_Evo1_DBJ_DIAprot_15k2s_CV-45_SOL_COLON_sample-135.raw	RAW	1216125884	NOT_DOWNLOADED_RAW
PXD044246	PXD044246	20191016_EXP1_Evo1_DBJ_DIAprot_15k2s_CV-45_SOL_COLON_sample-136.raw	RAW	1097837607	NOT_DOWNLOADED_RAW
PXD044246	PXD044246	20191016_EXP1_Evo1_DBJ_DIAprot_15k2s_CV-45_SOL_COLON_sample-137.raw	RAW	1499015137	NOT_DOWNLOADED_RAW
PXD044246	PXD044246	20191016_EXP1_Evo1_DBJ_DIAprot_15k2s_CV-45_SOL_COLON_sample-138.raw	RAW	1162716169	NOT_DOWNLOADED_RAW
PXD044246	PXD044246	20191016_EXP1_Evo1_DBJ_DIAprot_15k2s_CV-45_SOL_COLON_sample-139.raw	RAW	1004711210	NOT_DOWNLOADED_RAW
PXD044246	PXD044246	20191016_EXP1_Evo1_DBJ_DIAprot_15k2s_CV-45_SOL_COLON_sample-140.raw	RAW	1070232900	NOT_DOWNLOADED_RAW
PXD044246	PXD044246	20191016_EXP1_Evo1_DBJ_DIAprot_15k2s_CV-45_SOL_COLON_sample-141.raw	RAW	1577136883	NOT_DOWNLOADED_RAW
PXD044246	PXD044246	20191016_EXP1_Evo1_DBJ_DIAprot_15k2s_CV-45_SOL_COLON_sample-142.raw	RAW	1161804730	NOT_DOWNLOADED_RAW
PXD044246	PXD044246	20191016_EXP1_Evo1_DBJ_DIAprot_15k2s_CV-45_SOL_COLON_sample-143.raw	RAW	1115795903	NOT_DOWNLOADED_RAW
PXD044246	PXD044246	20191016_EXP1_Evo1_DBJ_DIAprot_15k2s_CV-45_SOL_COLON_sample-144.raw	RAW	1413222658	NOT_DOWNLOADED_RAW
PXD044246	PXD044246	20191016_EXP1_Evo1_DBJ_DIAprot_15k2s_CV-45_SOL_COLON_sample-145.raw	RAW	1426210271	NOT_DOWNLOADED_RAW
PXD044246	PXD044246	20191016_EXP1_Evo1_DBJ_DIAprot_15k2s_CV-45_SOL_COLON_sample-146.raw	RAW	1643514066	NOT_DOWNLOADED_RAW
PXD044246	PXD044246	20191016_EXP1_Evo1_DBJ_DIAprot_15k2s_CV-45_SOL_COLON_sample-147.raw	RAW	1587459481	NOT_DOWNLOADED_RAW
PXD044246	PXD044246	20191016_EXP1_Evo1_DBJ_DIAprot_15k2s_CV-45_SOL_COLON_sample-148.raw	RAW	1644141487	NOT_DOWNLOADED_RAW
PXD044246	PXD044246	20191016_EXP1_Evo1_DBJ_DIAprot_15k2s_CV-45_SOL_COLON_sample-149.raw	RAW	1237121959	NOT_DOWNLOADED_RAW
PXD044246	PXD044246	20191016_EXP1_Evo1_DBJ_DIAprot_15k2s_CV-45_SOL_COLON_sample-150.raw	RAW	1360416065	NOT_DOWNLOADED_RAW
PXD044246	PXD044246	20191016_EXP1_Evo1_DBJ_DIAprot_15k2s_CV-45_SOL_COLON_sample-151.raw	RAW	1470847122	NOT_DOWNLOADED_RAW
PXD044246	PXD044246	20191016_EXP1_Evo1_DBJ_DIAprot_15k2s_CV-45_SOL_COLON_sample-152.raw	RAW	1657738624	NOT_DOWNLOADED_RAW
PXD044246	PXD044246	20191016_EXP1_Evo1_DBJ_DIAprot_15k2s_CV-45_SOL_COLON_sample-153.raw	RAW	1512773718	NOT_DOWNLOADED_RAW
PXD044246	PXD044246	20191016_EXP1_Evo1_DBJ_DIAprot_15k2s_CV-45_SOL_COLON_sample-154.raw	RAW	1580301494	NOT_DOWNLOADED_RAW
PXD044246	PXD044246	20191016_EXP1_Evo1_DBJ_DIAprot_15k2s_CV-45_SOL_COLON_sample-155.raw	RAW	1430363981	NOT_DOWNLOADED_RAW
PXD044246	PXD044246	20191016_EXP1_Evo1_DBJ_DIAprot_15k2s_CV-45_SOL_COLON_sample-156.raw	RAW	1305967624	NOT_DOWNLOADED_RAW
PXD044246	PXD044246	20191016_EXP1_Evo1_DBJ_DIAprot_15k2s_CV-45_SOL_COLON_sample-157.raw	RAW	1251007957	NOT_DOWNLOADED_RAW
PXD044246	PXD044246	20191016_EXP1_Evo1_DBJ_DIAprot_15k2s_CV-45_SOL_COLON_sample-158.raw	RAW	989979871	NOT_DOWNLOADED_RAW
PXD044246	PXD044246	20191016_EXP1_Evo1_DBJ_DIAprot_15k2s_CV-45_SOL_COLON_sample-159.raw	RAW	1211201611	NOT_DOWNLOADED_RAW
PXD044246	PXD044246	20191016_EXP1_Evo1_DBJ_DIAprot_15k2s_CV-45_SOL_COLON_sample-160.raw	RAW	1236171979	NOT_DOWNLOADED_RAW
PXD044246	PXD044246	20191016_EXP1_Evo1_DBJ_DIAprot_15k2s_CV-45_SOL_COLON_sample-161.raw	RAW	1463191514	NOT_DOWNLOADED_RAW
PXD044246	PXD044246	20191016_EXP1_Evo1_DBJ_DIAprot_15k2s_CV-45_SOL_COLON_sample-162.raw	RAW	1360716655	NOT_DOWNLOADED_RAW
PXD044246	PXD044246	20191016_EXP1_Evo1_DBJ_DIAprot_15k2s_CV-45_SOL_COLON_sample-163.raw	RAW	1258732054	NOT_DOWNLOADED_RAW
PXD044246	PXD044246	20191016_EXP1_Evo1_DBJ_DIAprot_15k2s_CV-45_SOL_COLON_sample-164.raw	RAW	1079950497	NOT_DOWNLOADED_RAW
PXD044246	PXD044246	20191016_EXP1_Evo1_DBJ_DIAprot_15k2s_PAC_COLON_sample-203.raw	RAW	784082689	NOT_DOWNLOADED_RAW
PXD044246	PXD044246	20191016_EXP1_Evo1_DBJ_DIAprot_15k2s_PAC_COLON_sample-204.raw	RAW	1170018961	NOT_DOWNLOADED_RAW
PXD044246	PXD044246	20191016_EXP1_Evo1_DBJ_DIAprot_15k2s_PAC_COLON_sample-207.raw	RAW	823310034	NOT_DOWNLOADED_RAW
PXD044246	PXD044246	20191016_EXP1_Evo1_DBJ_DIAprot_15k2s_PAC_COLON_sample-208.raw	RAW	909937294	NOT_DOWNLOADED_RAW
PXD044246	PXD044246	20191016_EXP1_Evo1_DBJ_DIAprot_15k2s_PAC_COLON_sample-210.raw	RAW	1409263550	NOT_DOWNLOADED_RAW
PXD044246	PXD044246	20191016_EXP1_Evo1_DBJ_DIAprot_15k2s_PAC_COLON_sample-211.raw	RAW	1084309020	NOT_DOWNLOADED_RAW
PXD044246	PXD044246	20191016_EXP1_Evo1_DBJ_DIAprot_15k2s_PAC_COLON_sample-212.raw	RAW	1075432642	NOT_DOWNLOADED_RAW
PXD044246	PXD044246	20191016_EXP1_Evo1_DBJ_DIAprot_15k2s_PAC_COLON_sample-213.raw	RAW	888358500	NOT_DOWNLOADED_RAW
PXD044246	PXD044246	20191016_EXP1_Evo1_DBJ_DIAprot_15k2s_PAC_COLON_sample-214.raw	RAW	1437289906	NOT_DOWNLOADED_RAW
PXD044246	PXD044246	20191016_EXP1_Evo1_DBJ_DIAprot_15k2s_PAC_COLON_sample-215.raw	RAW	1314373501	NOT_DOWNLOADED_RAW
PXD044246	PXD044246	20191016_EXP1_Evo1_DBJ_DIAprot_15k2s_PAC_COLON_sample-216.raw	RAW	838647865	NOT_DOWNLOADED_RAW
PXD044246	PXD044246	20191016_EXP1_Evo1_DBJ_DIAprot_15k2s_PAC_COLON_sample-217.raw	RAW	789602257	NOT_DOWNLOADED_RAW
PXD044246	PXD044246	20191016_EXP1_Evo1_DBJ_DIAprot_15k2s_PAC_COLON_sample-218.raw	RAW	1276099067	NOT_DOWNLOADED_RAW
PXD044246	PXD044246	20191016_EXP1_Evo1_DBJ_DIAprot_15k2s_PAC_COLON_sample-219.raw	RAW	963306732	NOT_DOWNLOADED_RAW
PXD044246	PXD044246	20191016_EXP1_Evo1_DBJ_DIAprot_15k2s_PAC_COLON_sample-220.raw	RAW	1006668894	NOT_DOWNLOADED_RAW
PXD044246	PXD044246	20191016_EXP1_Evo1_DBJ_DIAprot_15k2s_PAC_COLON_sample-221.raw	RAW	923455380	NOT_DOWNLOADED_RAW
PXD044246	PXD044246	20191016_EXP1_Evo1_DBJ_DIAprot_15k2s_PAC_COLON_sample-222.raw	RAW	992962562	NOT_DOWNLOADED_RAW
PXD044246	PXD044246	20191016_EXP1_Evo1_DBJ_DIAprot_15k2s_PAC_COLON_sample-225.raw	RAW	905365727	NOT_DOWNLOADED_RAW
PXD044246	PXD044246	20191016_EXP1_Evo1_DBJ_DIAprot_15k2s_PAC_COLON_sample-226.raw	RAW	940106595	NOT_DOWNLOADED_RAW
PXD044246	PXD044246	20191016_EXP1_Evo1_DBJ_DIAprot_15k2s_PAC_COLON_sample-227.raw	RAW	1046325704	NOT_DOWNLOADED_RAW
PXD044246	PXD044246	20191016_EXP1_Evo1_DBJ_DIAprot_15k2s_PAC_COLON_sample-228.raw	RAW	1411278274	NOT_DOWNLOADED_RAW
PXD044246	PXD044246	20191016_EXP1_Evo1_DBJ_DIAprot_15k2s_PAC_COLON_sample-229.raw	RAW	1170279053	NOT_DOWNLOADED_RAW
PXD044246	PXD044246	20191016_EXP1_Evo1_DBJ_DIAprot_15k2s_PAC_COLON_sample-231.raw	RAW	1033693766	NOT_DOWNLOADED_RAW
PXD044246	PXD044246	20191016_EXP1_Evo1_DBJ_DIAprot_15k2s_PAC_COLON_sample-232.raw	RAW	919775902	NOT_DOWNLOADED_RAW
PXD044246	PXD044246	20191016_EXP1_Evo1_DBJ_DIAprot_15k2s_PAC_COLON_sample-233.raw	RAW	1248630026	NOT_DOWNLOADED_RAW
PXD044246	PXD044246	20191016_EXP1_Evo1_DBJ_DIAprot_15k2s_PAC_COLON_sample-234.raw	RAW	912850267	NOT_DOWNLOADED_RAW
PXD044246	PXD044246	20191016_EXP1_Evo1_DBJ_DIAprot_15k2s_PAC_COLON_sample-235.raw	RAW	1176909541	NOT_DOWNLOADED_RAW
PXD044246	PXD044246	20191016_EXP1_Evo1_DBJ_DIAprot_15k2s_PAC_COLON_sample-236.raw	RAW	1177773438	NOT_DOWNLOADED_RAW
PXD044246	PXD044246	20191016_EXP1_Evo1_DBJ_DIAprot_15k2s_PAC_COLON_sample-237.raw	RAW	1222617276	NOT_DOWNLOADED_RAW
PXD044246	PXD044246	20191016_EXP1_Evo1_DBJ_DIAprot_15k2s_PAC_COLON_sample-238.raw	RAW	1570685978	NOT_DOWNLOADED_RAW
PXD044246	PXD044246	20191016_EXP1_Evo1_DBJ_DIAprot_15k2s_PAC_COLON_sample-239.raw	RAW	914615524	NOT_DOWNLOADED_RAW
PXD044246	PXD044246	20191016_EXP1_Evo1_DBJ_DIAprot_15k2s_PAC_COLON_sample-240.raw	RAW	1230057822	NOT_DOWNLOADED_RAW
PXD044246	PXD044246	20191016_EXP1_Evo1_DBJ_DIAprot_15k2s_PAC_COLON_sample-243.raw	RAW	1385612891	NOT_DOWNLOADED_RAW
PXD044246	PXD044246	20191016_EXP1_Evo1_DBJ_DIAprot_15k2s_PAC_COLON_sample-244.raw	RAW	1128094587	NOT_DOWNLOADED_RAW
PXD044246	PXD044246	20191016_EXP1_Evo1_DBJ_DIAprot_15k2s_PAC_COLON_sample-245.raw	RAW	1361499323	NOT_DOWNLOADED_RAW
PXD044246	PXD044246	20191016_EXP1_Evo1_DBJ_DIAprot_15k2s_PAC_COLON_sample-246.raw	RAW	904933798	NOT_DOWNLOADED_RAW
PXD044246	PXD044246	20191016_EXP1_Evo1_DBJ_DIAprot_15k2s_PAC_COLON_sample-247.raw	RAW	1487596625	NOT_DOWNLOADED_RAW
PXD044246	PXD044246	20191016_EXP1_Evo1_DBJ_DIAprot_15k2s_PAC_COLON_sample-248.raw	RAW	1094144077	NOT_DOWNLOADED_RAW
PXD044246	PXD044246	20191016_EXP1_Evo1_DBJ_DIAprot_15k2s_PAC_COLON_sample-249.raw	RAW	1398042209	NOT_DOWNLOADED_RAW
PXD044246	PXD044246	20191016_EXP1_Evo1_DBJ_DIAprot_15k2s_PAC_COLON_sample-250.raw	RAW	1291517557	NOT_DOWNLOADED_RAW
PXD044246	PXD044246	20191016_EXP1_Evo1_DBJ_DIAprot_15k2s_PAC_COLON_sample-251.raw	RAW	1687487851	NOT_DOWNLOADED_RAW
PXD044246	PXD044246	20191016_EXP1_Evo1_DBJ_DIAprot_15k2s_PAC_COLON_sample-252.raw	RAW	1330213126	NOT_DOWNLOADED_RAW
PXD044246	PXD044246	20191016_EXP1_Evo1_DBJ_DIAprot_15k2s_PAC_COLON_sample-253.raw	RAW	1608832289	NOT_DOWNLOADED_RAW
PXD044246	PXD044246	20191016_EXP1_Evo1_DBJ_DIAprot_15k2s_PAC_COLON_sample-254.raw	RAW	1539342202	NOT_DOWNLOADED_RAW
PXD044246	PXD044246	20191016_EXP1_Evo1_DBJ_DIAprot_15k2s_PAC_COLON_sample-255.raw	RAW	1013542668	NOT_DOWNLOADED_RAW
PXD044246	PXD044246	20191016_EXP1_Evo1_DBJ_DIAprot_15k2s_PAC_COLON_sample-256.raw	RAW	1679922506	NOT_DOWNLOADED_RAW
PXD044246	PXD044246	20191016_EXP1_Evo1_DBJ_DIAprot_15k2s_PAC_COLON_sample-258.raw	RAW	995851812	NOT_DOWNLOADED_RAW
PXD044246	PXD044246	20191016_EXP1_Evo1_DBJ_DIAprot_15k2s_PAC_COLON_sample-261.raw	RAW	1051509589	NOT_DOWNLOADED_RAW
PXD044246	PXD044246	20191016_EXP1_Evo1_DBJ_DIAprot_15k2s_PAC_COLON_sample-263.raw	RAW	1581189856	NOT_DOWNLOADED_RAW
PXD044246	PXD044246	20191016_EXP1_Evo1_DBJ_DIAprot_15k2s_PAC_COLON_sample-264.raw	RAW	1539267004	NOT_DOWNLOADED_RAW
PXD044246	PXD044246	20191016_EXP1_Evo1_DBJ_DIAprot_15k2s_PAC_COLON_sample-265.raw	RAW	754187271	NOT_DOWNLOADED_RAW
PXD044246	PXD044246	20191016_EXP1_Evo1_DBJ_DIAprot_15k2s_PAC_COLON_sample-267.raw	RAW	1240898401	NOT_DOWNLOADED_RAW
PXD044246	PXD044246	20191016_EXP1_Evo1_DBJ_DIAprot_15k2s_PAC_COLON_sample-268.raw	RAW	1609752877	NOT_DOWNLOADED_RAW
PXD044246	PXD044246	20191016_EXP1_Evo1_DBJ_DIAprot_15k2s_PAC_COLON_sample-269.raw	RAW	1301796573	NOT_DOWNLOADED_RAW
PXD044246	PXD044246	20191016_EXP1_Evo1_DBJ_DIAprot_15k2s_PAC_COLON_sample-270.raw	RAW	1052118481	NOT_DOWNLOADED_RAW
PXD044246	PXD044246	20191016_EXP1_Evo1_DBJ_DIAprot_15k2s_PAC_COLON_sample-271.raw	RAW	1416554668	NOT_DOWNLOADED_RAW
PXD044246	PXD044246	20191016_EXP1_Evo1_DBJ_DIAprot_15k2s_PAC_COLON_sample-272.raw	RAW	1273433563	NOT_DOWNLOADED_RAW
PXD044246	PXD044246	20191016_EXP1_Evo1_DBJ_DIAprot_15k2s_PAC_COLON_sample-273.raw	RAW	1414481382	NOT_DOWNLOADED_RAW
PXD044246	PXD044246	20191016_EXP1_Evo1_DBJ_DIAprot_15k2s_PAC_COLON_sample-274.raw	RAW	1657185531	NOT_DOWNLOADED_RAW
PXD044246	PXD044246	20191016_EXP1_Evo1_DBJ_DIAprot_15k2s_PAC_COLON_sample-275.raw	RAW	1514343039	NOT_DOWNLOADED_RAW
PXD044246	PXD044246	20191016_EXP1_Evo1_DBJ_DIAprot_15k2s_PAC_COLON_sample-278.raw	RAW	1322284897	NOT_DOWNLOADED_RAW
PXD044246	PXD044246	20191016_EXP1_Evo1_DBJ_DIAprot_15k2s_PAC_COLON_sample-282.raw	RAW	1568508470	NOT_DOWNLOADED_RAW
PXD044246	PXD044246	20191016_EXP1_Evo1_DBJ_DIAprot_15k2s_PAC_COLON_sample-283.raw	RAW	1543857325	NOT_DOWNLOADED_RAW
PXD044246	PXD044246	20191016_EXP1_Evo1_DBJ_DIAprot_15k2s_SOL_COLON_sample-1.raw	RAW	1570791798	NOT_DOWNLOADED_RAW
PXD044246	PXD044246	20191016_EXP1_Evo1_DBJ_DIAprot_15k2s_SOL_COLON_sample-10.raw	RAW	1384955645	NOT_DOWNLOADED_RAW
PXD044246	PXD044246	20191016_EXP1_Evo1_DBJ_DIAprot_15k2s_SOL_COLON_sample-100.raw	RAW	847697270	NOT_DOWNLOADED_RAW
PXD044246	PXD044246	20191016_EXP1_Evo1_DBJ_DIAprot_15k2s_SOL_COLON_sample-101.raw	RAW	677336872	NOT_DOWNLOADED_RAW
PXD044246	PXD044246	20191016_EXP1_Evo1_DBJ_DIAprot_15k2s_SOL_COLON_sample-102.raw	RAW	1329410859	NOT_DOWNLOADED_RAW
PXD044246	PXD044246	20191016_EXP1_Evo1_DBJ_DIAprot_15k2s_SOL_COLON_sample-103.raw	RAW	1158071057	NOT_DOWNLOADED_RAW
PXD044246	PXD044246	20191016_EXP1_Evo1_DBJ_DIAprot_15k2s_SOL_COLON_sample-104.raw	RAW	1134647065	NOT_DOWNLOADED_RAW
PXD044246	PXD044246	20191016_EXP1_Evo1_DBJ_DIAprot_15k2s_SOL_COLON_sample-105.raw	RAW	230382441	NOT_DOWNLOADED_RAW
PXD044246	PXD044246	20191016_EXP1_Evo1_DBJ_DIAprot_15k2s_SOL_COLON_sample-106.raw	RAW	973251720	NOT_DOWNLOADED_RAW
PXD044246	PXD044246	20191016_EXP1_Evo1_DBJ_DIAprot_15k2s_SOL_COLON_sample-107.raw	RAW	740059673	NOT_DOWNLOADED_RAW
PXD044246	PXD044246	20191016_EXP1_Evo1_DBJ_DIAprot_15k2s_SOL_COLON_sample-108.raw	RAW	1088304320	NOT_DOWNLOADED_RAW
PXD044246	PXD044246	20191016_EXP1_Evo1_DBJ_DIAprot_15k2s_SOL_COLON_sample-109.raw	RAW	1342581864	NOT_DOWNLOADED_RAW
PXD044246	PXD044246	20191016_EXP1_Evo1_DBJ_DIAprot_15k2s_SOL_COLON_sample-11.raw	RAW	1116807368	NOT_DOWNLOADED_RAW
PXD044246	PXD044246	20191016_EXP1_Evo1_DBJ_DIAprot_15k2s_SOL_COLON_sample-110.raw	RAW	1121364611	NOT_DOWNLOADED_RAW
PXD044246	PXD044246	20191016_EXP1_Evo1_DBJ_DIAprot_15k2s_SOL_COLON_sample-111.raw	RAW	197428035	NOT_DOWNLOADED_RAW
PXD044246	PXD044246	20191016_EXP1_Evo1_DBJ_DIAprot_15k2s_SOL_COLON_sample-112.raw	RAW	1091994850	NOT_DOWNLOADED_RAW
PXD044246	PXD044246	20191016_EXP1_Evo1_DBJ_DIAprot_15k2s_SOL_COLON_sample-113.raw	RAW	1190779461	NOT_DOWNLOADED_RAW
PXD044246	PXD044246	20191016_EXP1_Evo1_DBJ_DIAprot_15k2s_SOL_COLON_sample-114.raw	RAW	1114667900	NOT_DOWNLOADED_RAW
PXD044246	PXD044246	20191016_EXP1_Evo1_DBJ_DIAprot_15k2s_SOL_COLON_sample-115.raw	RAW	1155633158	NOT_DOWNLOADED_RAW
PXD044246	PXD044246	20191016_EXP1_Evo1_DBJ_DIAprot_15k2s_SOL_COLON_sample-116.raw	RAW	1168413973	NOT_DOWNLOADED_RAW
PXD044246	PXD044246	20191016_EXP1_Evo1_DBJ_DIAprot_15k2s_SOL_COLON_sample-117.raw	RAW	1431873563	NOT_DOWNLOADED_RAW
PXD044246	PXD044246	20191016_EXP1_Evo1_DBJ_DIAprot_15k2s_SOL_COLON_sample-118.raw	RAW	1128610314	NOT_DOWNLOADED_RAW
PXD044246	PXD044246	20191016_EXP1_Evo1_DBJ_DIAprot_15k2s_SOL_COLON_sample-119.raw	RAW	1319254615	NOT_DOWNLOADED_RAW
PXD044246	PXD044246	20191016_EXP1_Evo1_DBJ_DIAprot_15k2s_SOL_COLON_sample-12.raw	RAW	983160149	NOT_DOWNLOADED_RAW
PXD044246	PXD044246	20191016_EXP1_Evo1_DBJ_DIAprot_15k2s_SOL_COLON_sample-120.raw	RAW	857823446	NOT_DOWNLOADED_RAW
PXD044246	PXD044246	20191016_EXP1_Evo1_DBJ_DIAprot_15k2s_SOL_COLON_sample-121.raw	RAW	1514763637	NOT_DOWNLOADED_RAW
PXD044246	PXD044246	20191016_EXP1_Evo1_DBJ_DIAprot_15k2s_SOL_COLON_sample-13.raw	RAW	1568474507	NOT_DOWNLOADED_RAW
PXD044246	PXD044246	20191016_EXP1_Evo1_DBJ_DIAprot_15k2s_SOL_COLON_sample-14.raw	RAW	1000817591	NOT_DOWNLOADED_RAW
PXD044246	PXD044246	20191016_EXP1_Evo1_DBJ_DIAprot_15k2s_SOL_COLON_sample-15.raw	RAW	1443402993	NOT_DOWNLOADED_RAW
PXD044246	PXD044246	20191016_EXP1_Evo1_DBJ_DIAprot_15k2s_SOL_COLON_sample-16.raw	RAW	1397514575	NOT_DOWNLOADED_RAW
PXD044246	PXD044246	20191016_EXP1_Evo1_DBJ_DIAprot_15k2s_SOL_COLON_sample-17.raw	RAW	1148028425	NOT_DOWNLOADED_RAW
PXD044246	PXD044246	20191016_EXP1_Evo1_DBJ_DIAprot_15k2s_SOL_COLON_sample-18.raw	RAW	1149031835	NOT_DOWNLOADED_RAW
PXD044246	PXD044246	20191016_EXP1_Evo1_DBJ_DIAprot_15k2s_SOL_COLON_sample-19.raw	RAW	1271609425	NOT_DOWNLOADED_RAW
PXD044246	PXD044246	20191016_EXP1_Evo1_DBJ_DIAprot_15k2s_SOL_COLON_sample-2.raw	RAW	784430215	NOT_DOWNLOADED_RAW
PXD044246	PXD044246	20191016_EXP1_Evo1_DBJ_DIAprot_15k2s_SOL_COLON_sample-20.raw	RAW	745263126	NOT_DOWNLOADED_RAW
PXD044246	PXD044246	20191016_EXP1_Evo1_DBJ_DIAprot_15k2s_SOL_COLON_sample-21.raw	RAW	1291788115	NOT_DOWNLOADED_RAW
PXD044246	PXD044246	20191016_EXP1_Evo1_DBJ_DIAprot_15k2s_SOL_COLON_sample-22.raw	RAW	1292677981	NOT_DOWNLOADED_RAW
PXD044246	PXD044246	20191016_EXP1_Evo1_DBJ_DIAprot_15k2s_SOL_COLON_sample-23.raw	RAW	1275005052	NOT_DOWNLOADED_RAW
PXD044246	PXD044246	20191016_EXP1_Evo1_DBJ_DIAprot_15k2s_SOL_COLON_sample-24.raw	RAW	1140248730	NOT_DOWNLOADED_RAW
PXD044246	PXD044246	20191016_EXP1_Evo1_DBJ_DIAprot_15k2s_SOL_COLON_sample-25.raw	RAW	1362369197	NOT_DOWNLOADED_RAW
PXD044246	PXD044246	20191016_EXP1_Evo1_DBJ_DIAprot_15k2s_SOL_COLON_sample-26.raw	RAW	1346723214	NOT_DOWNLOADED_RAW
PXD044246	PXD044246	20191016_EXP1_Evo1_DBJ_DIAprot_15k2s_SOL_COLON_sample-27.raw	RAW	1166234303	NOT_DOWNLOADED_RAW
PXD044246	PXD044246	20191016_EXP1_Evo1_DBJ_DIAprot_15k2s_SOL_COLON_sample-28.raw	RAW	1394709883	NOT_DOWNLOADED_RAW
PXD044246	PXD044246	20191016_EXP1_Evo1_DBJ_DIAprot_15k2s_SOL_COLON_sample-29.raw	RAW	372582350	NOT_DOWNLOADED_RAW
PXD044246	PXD044246	20191016_EXP1_Evo1_DBJ_DIAprot_15k2s_SOL_COLON_sample-30.raw	RAW	1239058148	NOT_DOWNLOADED_RAW
PXD044246	PXD044246	20191016_EXP1_Evo1_DBJ_DIAprot_15k2s_SOL_COLON_sample-31.raw	RAW	1214968914	NOT_DOWNLOADED_RAW
PXD044246	PXD044246	20191016_EXP1_Evo1_DBJ_DIAprot_15k2s_SOL_COLON_sample-32.raw	RAW	176267165	NOT_DOWNLOADED_RAW
PXD044246	PXD044246	20191016_EXP1_Evo1_DBJ_DIAprot_15k2s_SOL_COLON_sample-33.raw	RAW	1358761669	NOT_DOWNLOADED_RAW
PXD044246	PXD044246	20191016_EXP1_Evo1_DBJ_DIAprot_15k2s_SOL_COLON_sample-34.raw	RAW	1212407202	NOT_DOWNLOADED_RAW
PXD044246	PXD044246	20191016_EXP1_Evo1_DBJ_DIAprot_15k2s_SOL_COLON_sample-35.raw	RAW	1127268434	NOT_DOWNLOADED_RAW
PXD044246	PXD044246	20191016_EXP1_Evo1_DBJ_DIAprot_15k2s_SOL_COLON_sample-36.raw	RAW	1148590315	NOT_DOWNLOADED_RAW
PXD044246	PXD044246	20191016_EXP1_Evo1_DBJ_DIAprot_15k2s_SOL_COLON_sample-37.raw	RAW	1629914432	NOT_DOWNLOADED_RAW
PXD044246	PXD044246	20191016_EXP1_Evo1_DBJ_DIAprot_15k2s_SOL_COLON_sample-38.raw	RAW	939376414	NOT_DOWNLOADED_RAW
PXD044246	PXD044246	20191016_EXP1_Evo1_DBJ_DIAprot_15k2s_SOL_COLON_sample-39.raw	RAW	1287791013	NOT_DOWNLOADED_RAW
PXD044246	PXD044246	20191016_EXP1_Evo1_DBJ_DIAprot_15k2s_SOL_COLON_sample-4.raw	RAW	1437962083	NOT_DOWNLOADED_RAW
PXD044246	PXD044246	20191016_EXP1_Evo1_DBJ_DIAprot_15k2s_SOL_COLON_sample-40.raw	RAW	930547648	NOT_DOWNLOADED_RAW
PXD044246	PXD044246	20191016_EXP1_Evo1_DBJ_DIAprot_15k2s_SOL_COLON_sample-41.raw	RAW	1172107160	NOT_DOWNLOADED_RAW
PXD044246	PXD044246	20191016_EXP1_Evo1_DBJ_DIAprot_15k2s_SOL_COLON_sample-42.raw	RAW	1048255286	NOT_DOWNLOADED_RAW
PXD044246	PXD044246	20191016_EXP1_Evo1_DBJ_DIAprot_15k2s_SOL_COLON_sample-43.raw	RAW	1548648846	NOT_DOWNLOADED_RAW
PXD044246	PXD044246	20191016_EXP1_Evo1_DBJ_DIAprot_15k2s_SOL_COLON_sample-44.raw	RAW	216710772	NOT_DOWNLOADED_RAW
PXD044246	PXD044246	20191016_EXP1_Evo1_DBJ_DIAprot_15k2s_SOL_COLON_sample-45.raw	RAW	1430679514	NOT_DOWNLOADED_RAW
PXD044246	PXD044246	20191016_EXP1_Evo1_DBJ_DIAprot_15k2s_SOL_COLON_sample-46.raw	RAW	1609815046	NOT_DOWNLOADED_RAW
PXD044246	PXD044246	20191016_EXP1_Evo1_DBJ_DIAprot_15k2s_SOL_COLON_sample-47.raw	RAW	1036497085	NOT_DOWNLOADED_RAW
PXD044246	PXD044246	20191016_EXP1_Evo1_DBJ_DIAprot_15k2s_SOL_COLON_sample-48.raw	RAW	1628939481	NOT_DOWNLOADED_RAW
PXD044246	PXD044246	20191016_EXP1_Evo1_DBJ_DIAprot_15k2s_SOL_COLON_sample-49.raw	RAW	1279198497	NOT_DOWNLOADED_RAW
PXD044246	PXD044246	20191016_EXP1_Evo1_DBJ_DIAprot_15k2s_SOL_COLON_sample-5.raw	RAW	881788645	NOT_DOWNLOADED_RAW
PXD044246	PXD044246	20191016_EXP1_Evo1_DBJ_DIAprot_15k2s_SOL_COLON_sample-50.raw	RAW	952976928	NOT_DOWNLOADED_RAW
PXD044246	PXD044246	20191016_EXP1_Evo1_DBJ_DIAprot_15k2s_SOL_COLON_sample-51.raw	RAW	1275955960	NOT_DOWNLOADED_RAW
PXD044246	PXD044246	20191016_EXP1_Evo1_DBJ_DIAprot_15k2s_SOL_COLON_sample-52.raw	RAW	1220066620	NOT_DOWNLOADED_RAW
PXD044246	PXD044246	20191016_EXP1_Evo1_DBJ_DIAprot_15k2s_SOL_COLON_sample-53.raw	RAW	1077343967	NOT_DOWNLOADED_RAW
PXD044246	PXD044246	20191016_EXP1_Evo1_DBJ_DIAprot_15k2s_SOL_COLON_sample-54.raw	RAW	1012854294	NOT_DOWNLOADED_RAW
PXD044246	PXD044246	20191016_EXP1_Evo1_DBJ_DIAprot_15k2s_SOL_COLON_sample-55.raw	RAW	1083793138	NOT_DOWNLOADED_RAW
PXD044246	PXD044246	20191016_EXP1_Evo1_DBJ_DIAprot_15k2s_SOL_COLON_sample-56.raw	RAW	208213375	NOT_DOWNLOADED_RAW
PXD044246	PXD044246	20191016_EXP1_Evo1_DBJ_DIAprot_15k2s_SOL_COLON_sample-57.raw	RAW	1476947167	NOT_DOWNLOADED_RAW
PXD044246	PXD044246	20191016_EXP1_Evo1_DBJ_DIAprot_15k2s_SOL_COLON_sample-58.raw	RAW	1120891294	NOT_DOWNLOADED_RAW
PXD044246	PXD044246	20191016_EXP1_Evo1_DBJ_DIAprot_15k2s_SOL_COLON_sample-59.raw	RAW	978507773	NOT_DOWNLOADED_RAW
PXD044246	PXD044246	20191016_EXP1_Evo1_DBJ_DIAprot_15k2s_SOL_COLON_sample-6.raw	RAW	1244525978	NOT_DOWNLOADED_RAW
PXD044246	PXD044246	20191016_EXP1_Evo1_DBJ_DIAprot_15k2s_SOL_COLON_sample-60.raw	RAW	1258811893	NOT_DOWNLOADED_RAW
PXD044246	PXD044246	20191016_EXP1_Evo1_DBJ_DIAprot_15k2s_SOL_COLON_sample-61.raw	RAW	937016718	NOT_DOWNLOADED_RAW
PXD044246	PXD044246	20191016_EXP1_Evo1_DBJ_DIAprot_15k2s_SOL_COLON_sample-62.raw	RAW	1354662085	NOT_DOWNLOADED_RAW
PXD044246	PXD044246	20191016_EXP1_Evo1_DBJ_DIAprot_15k2s_SOL_COLON_sample-63.raw	RAW	1015998850	NOT_DOWNLOADED_RAW
PXD044246	PXD044246	20191016_EXP1_Evo1_DBJ_DIAprot_15k2s_SOL_COLON_sample-64.raw	RAW	1275008542	NOT_DOWNLOADED_RAW
PXD044246	PXD044246	20191016_EXP1_Evo1_DBJ_DIAprot_15k2s_SOL_COLON_sample-65.raw	RAW	446265686	NOT_DOWNLOADED_RAW
PXD044246	PXD044246	20191016_EXP1_Evo1_DBJ_DIAprot_15k2s_SOL_COLON_sample-66.raw	RAW	179190586	NOT_DOWNLOADED_RAW
PXD044246	PXD044246	20191016_EXP1_Evo1_DBJ_DIAprot_15k2s_SOL_COLON_sample-67.raw	RAW	1321205109	NOT_DOWNLOADED_RAW
PXD044246	PXD044246	20191016_EXP1_Evo1_DBJ_DIAprot_15k2s_SOL_COLON_sample-68.raw	RAW	194828116	NOT_DOWNLOADED_RAW
PXD044246	PXD044246	20191016_EXP1_Evo1_DBJ_DIAprot_15k2s_SOL_COLON_sample-69.raw	RAW	783615534	NOT_DOWNLOADED_RAW
PXD044246	PXD044246	20191016_EXP1_Evo1_DBJ_DIAprot_15k2s_SOL_COLON_sample-7.raw	RAW	1281613568	NOT_DOWNLOADED_RAW
PXD044246	PXD044246	20191016_EXP1_Evo1_DBJ_DIAprot_15k2s_SOL_COLON_sample-70.raw	RAW	1260858273	NOT_DOWNLOADED_RAW
PXD044246	PXD044246	20191016_EXP1_Evo1_DBJ_DIAprot_15k2s_SOL_COLON_sample-71.raw	RAW	954943733	NOT_DOWNLOADED_RAW
PXD044246	PXD044246	20191016_EXP1_Evo1_DBJ_DIAprot_15k2s_SOL_COLON_sample-72.raw	RAW	933947600	NOT_DOWNLOADED_RAW
PXD044246	PXD044246	20191016_EXP1_Evo1_DBJ_DIAprot_15k2s_SOL_COLON_sample-73.raw	RAW	1041927098	NOT_DOWNLOADED_RAW
PXD044246	PXD044246	20191016_EXP1_Evo1_DBJ_DIAprot_15k2s_SOL_COLON_sample-74.raw	RAW	946168180	NOT_DOWNLOADED_RAW
PXD044246	PXD044246	20191016_EXP1_Evo1_DBJ_DIAprot_15k2s_SOL_COLON_sample-75.raw	RAW	1125105406	NOT_DOWNLOADED_RAW
PXD044246	PXD044246	20191016_EXP1_Evo1_DBJ_DIAprot_15k2s_SOL_COLON_sample-76.raw	RAW	816387577	NOT_DOWNLOADED_RAW
PXD044246	PXD044246	20191016_EXP1_Evo1_DBJ_DIAprot_15k2s_SOL_COLON_sample-77.raw	RAW	722384515	NOT_DOWNLOADED_RAW
PXD044246	PXD044246	20191016_EXP1_Evo1_DBJ_DIAprot_15k2s_SOL_COLON_sample-78.raw	RAW	1516998224	NOT_DOWNLOADED_RAW
PXD044246	PXD044246	20191016_EXP1_Evo1_DBJ_DIAprot_15k2s_SOL_COLON_sample-79.raw	RAW	1555823930	NOT_DOWNLOADED_RAW
PXD044246	PXD044246	20191016_EXP1_Evo1_DBJ_DIAprot_15k2s_SOL_COLON_sample-8.raw	RAW	206389091	NOT_DOWNLOADED_RAW
PXD044246	PXD044246	20191016_EXP1_Evo1_DBJ_DIAprot_15k2s_SOL_COLON_sample-80.raw	RAW	253818261	NOT_DOWNLOADED_RAW
PXD044246	PXD044246	20191016_EXP1_Evo1_DBJ_DIAprot_15k2s_SOL_COLON_sample-81.raw	RAW	1163424436	NOT_DOWNLOADED_RAW
PXD044246	PXD044246	20191016_EXP1_Evo1_DBJ_DIAprot_15k2s_SOL_COLON_sample-82.raw	RAW	1484711284	NOT_DOWNLOADED_RAW
PXD044246	PXD044246	20191016_EXP1_Evo1_DBJ_DIAprot_15k2s_SOL_COLON_sample-83.raw	RAW	1876709651	NOT_DOWNLOADED_RAW
PXD044246	PXD044246	20191016_EXP1_Evo1_DBJ_DIAprot_15k2s_SOL_COLON_sample-84.raw	RAW	1582011019	NOT_DOWNLOADED_RAW
PXD044246	PXD044246	20191016_EXP1_Evo1_DBJ_DIAprot_15k2s_SOL_COLON_sample-85.raw	RAW	1694349072	NOT_DOWNLOADED_RAW
PXD044246	PXD044246	20191016_EXP1_Evo1_DBJ_DIAprot_15k2s_SOL_COLON_sample-86.raw	RAW	878309173	NOT_DOWNLOADED_RAW
PXD044246	PXD044246	20191016_EXP1_Evo1_DBJ_DIAprot_15k2s_SOL_COLON_sample-87.raw	RAW	985619492	NOT_DOWNLOADED_RAW
PXD044246	PXD044246	20191016_EXP1_Evo1_DBJ_DIAprot_15k2s_SOL_COLON_sample-88.raw	RAW	1467891555	NOT_DOWNLOADED_RAW
PXD044246	PXD044246	20191016_EXP1_Evo1_DBJ_DIAprot_15k2s_SOL_COLON_sample-89.raw	RAW	461734240	NOT_DOWNLOADED_RAW
PXD044246	PXD044246	20191016_EXP1_Evo1_DBJ_DIAprot_15k2s_SOL_COLON_sample-9.raw	RAW	1200141983	NOT_DOWNLOADED_RAW
PXD044246	PXD044246	20191016_EXP1_Evo1_DBJ_DIAprot_15k2s_SOL_COLON_sample-90.raw	RAW	1041832200	NOT_DOWNLOADED_RAW
PXD044246	PXD044246	20191016_EXP1_Evo1_DBJ_DIAprot_15k2s_SOL_COLON_sample-91.raw	RAW	1013717355	NOT_DOWNLOADED_RAW
PXD044246	PXD044246	20191016_EXP1_Evo1_DBJ_DIAprot_15k2s_SOL_COLON_sample-92.raw	RAW	208195038	NOT_DOWNLOADED_RAW
PXD044246	PXD044246	20191016_EXP1_Evo1_DBJ_DIAprot_15k2s_SOL_COLON_sample-93.raw	RAW	1574472322	NOT_DOWNLOADED_RAW
PXD044246	PXD044246	20191016_EXP1_Evo1_DBJ_DIAprot_15k2s_SOL_COLON_sample-94.raw	RAW	1328574822	NOT_DOWNLOADED_RAW
PXD044246	PXD044246	20191016_EXP1_Evo1_DBJ_DIAprot_15k2s_SOL_COLON_sample-95.raw	RAW	981137827	NOT_DOWNLOADED_RAW
PXD044246	PXD044246	20191016_EXP1_Evo1_DBJ_DIAprot_15k2s_SOL_COLON_sample-96.raw	RAW	1341308897	NOT_DOWNLOADED_RAW
PXD044246	PXD044246	20191016_EXP1_Evo1_DBJ_DIAprot_15k2s_SOL_COLON_sample-97.raw	RAW	726858917	NOT_DOWNLOADED_RAW
PXD044246	PXD044246	20191016_EXP1_Evo1_DBJ_DIAprot_15k2s_SOL_COLON_sample-98.raw	RAW	1209081650	NOT_DOWNLOADED_RAW
PXD044246	PXD044246	20191016_EXP1_Evo1_DBJ_DIAprot_15k2s_SOL_COLON_sample-99.raw	RAW	1406951241	NOT_DOWNLOADED_RAW
PXD044246	PXD044246	20191022_EXP1_Evo1_DBJ_DIAprot_15k2s_CV-45_PAC_COLON_sample-181_02.raw	RAW	1500834596	NOT_DOWNLOADED_RAW
PXD044246	PXD044246	20191022_EXP1_Evo1_DBJ_DIAprot_15k2s_CV-45_PAC_COLON_sample-204_02.raw	RAW	1111490901	NOT_DOWNLOADED_RAW
PXD044246	PXD044246	20191022_EXP1_Evo1_DBJ_DIAprot_15k2s_CV-45_PAC_COLON_sample-205_02.raw	RAW	426770315	NOT_DOWNLOADED_RAW
PXD044246	PXD044246	20191022_EXP1_Evo1_DBJ_DIAprot_15k2s_CV-45_PAC_COLON_sample-209_02.raw	RAW	1098035220	NOT_DOWNLOADED_RAW
PXD044246	PXD044246	20191022_EXP1_Evo1_DBJ_DIAprot_15k2s_CV-45_PAC_COLON_sample-210_02.raw	RAW	1381308744	NOT_DOWNLOADED_RAW
PXD044246	PXD044246	20191022_EXP1_Evo1_DBJ_DIAprot_15k2s_CV-45_PAC_COLON_sample-211_02.raw	RAW	1099376172	NOT_DOWNLOADED_RAW
PXD044246	PXD044246	20191022_EXP1_Evo1_DBJ_DIAprot_15k2s_CV-45_PAC_COLON_sample-212_02.raw	RAW	1033838320	NOT_DOWNLOADED_RAW
PXD044246	PXD044246	20191022_EXP1_Evo1_DBJ_DIAprot_15k2s_CV-45_PAC_COLON_sample-213_02.raw	RAW	1015308629	NOT_DOWNLOADED_RAW
PXD044246	PXD044246	20191022_EXP1_Evo1_DBJ_DIAprot_15k2s_CV-45_PAC_COLON_sample-214_02.raw	RAW	1547522240	NOT_DOWNLOADED_RAW
PXD044246	PXD044246	20191022_EXP1_Evo1_DBJ_DIAprot_15k2s_CV-45_PAC_COLON_sample-215_02.raw	RAW	1489605481	NOT_DOWNLOADED_RAW
PXD044246	PXD044246	20191022_EXP1_Evo1_DBJ_DIAprot_15k2s_CV-45_PAC_COLON_sample-216_02.raw	RAW	1164224643	NOT_DOWNLOADED_RAW
PXD044246	PXD044246	20191022_EXP1_Evo1_DBJ_DIAprot_15k2s_CV-45_PAC_COLON_sample-217_02.raw	RAW	1068454872	NOT_DOWNLOADED_RAW
PXD044246	PXD044246	20191022_EXP1_Evo1_DBJ_DIAprot_15k2s_CV-45_PAC_COLON_sample-218_02.raw	RAW	1607212699	NOT_DOWNLOADED_RAW
PXD044246	PXD044246	20191022_EXP1_Evo1_DBJ_DIAprot_15k2s_CV-45_PAC_COLON_sample-219_02.raw	RAW	1271618560	NOT_DOWNLOADED_RAW
PXD044246	PXD044246	20191022_EXP1_Evo1_DBJ_DIAprot_15k2s_CV-45_PAC_COLON_sample-220_02.raw	RAW	1198705383	NOT_DOWNLOADED_RAW
PXD044246	PXD044246	20191022_EXP1_Evo1_DBJ_DIAprot_15k2s_CV-45_PAC_COLON_sample-221_02.raw	RAW	1190137370	NOT_DOWNLOADED_RAW
PXD044246	PXD044246	20191022_EXP1_Evo1_DBJ_DIAprot_15k2s_CV-45_PAC_COLON_sample-222_02.raw	RAW	1317443216	NOT_DOWNLOADED_RAW
PXD044246	PXD044246	20191022_EXP1_Evo1_DBJ_DIAprot_15k2s_CV-45_PAC_COLON_sample-223_02.raw	RAW	1062441414	NOT_DOWNLOADED_RAW
PXD044246	PXD044246	20191022_EXP1_Evo1_DBJ_DIAprot_15k2s_CV-45_PAC_COLON_sample-224_02.raw	RAW	1070405296	NOT_DOWNLOADED_RAW
PXD044246	PXD044246	20191022_EXP1_Evo1_DBJ_DIAprot_15k2s_CV-45_PAC_COLON_sample-225_02.raw	RAW	1123532780	NOT_DOWNLOADED_RAW
PXD044246	PXD044246	20191022_EXP1_Evo1_DBJ_DIAprot_15k2s_CV-45_PAC_COLON_sample-226_02.raw	RAW	1197108868	NOT_DOWNLOADED_RAW
PXD044246	PXD044246	20191022_EXP1_Evo1_DBJ_DIAprot_15k2s_CV-45_PAC_COLON_sample-227_02.raw	RAW	1049578369	NOT_DOWNLOADED_RAW
PXD044246	PXD044246	20191022_EXP1_Evo1_DBJ_DIAprot_15k2s_CV-45_PAC_COLON_sample-228_02.raw	RAW	1443984468	NOT_DOWNLOADED_RAW
PXD044246	PXD044246	20191022_EXP1_Evo1_DBJ_DIAprot_15k2s_CV-45_PAC_COLON_sample-229_02.raw	RAW	1183658819	NOT_DOWNLOADED_RAW
PXD044246	PXD044246	20191022_EXP1_Evo1_DBJ_DIAprot_15k2s_CV-45_PAC_COLON_sample-231_02.raw	RAW	1135843124	NOT_DOWNLOADED_RAW
PXD044246	PXD044246	20191022_EXP1_Evo1_DBJ_DIAprot_15k2s_CV-45_PAC_COLON_sample-232_02.raw	RAW	995626227	NOT_DOWNLOADED_RAW
PXD044246	PXD044246	20191022_EXP1_Evo1_DBJ_DIAprot_15k2s_CV-45_PAC_COLON_sample-233_02.raw	RAW	1311358809	NOT_DOWNLOADED_RAW
PXD044246	PXD044246	20191022_EXP1_Evo1_DBJ_DIAprot_15k2s_CV-45_PAC_COLON_sample-234_02.raw	RAW	881172988	NOT_DOWNLOADED_RAW
PXD044246	PXD044246	20191022_EXP1_Evo1_DBJ_DIAprot_15k2s_CV-45_PAC_COLON_sample-235_02.raw	RAW	1198773028	NOT_DOWNLOADED_RAW
PXD044246	PXD044246	20191022_EXP1_Evo1_DBJ_DIAprot_15k2s_CV-45_PAC_COLON_sample-236_02.raw	RAW	1120015610	NOT_DOWNLOADED_RAW
PXD044246	PXD044246	20191022_EXP1_Evo1_DBJ_DIAprot_15k2s_CV-45_PAC_COLON_sample-237_02.raw	RAW	1257639032	NOT_DOWNLOADED_RAW
PXD044246	PXD044246	20191022_EXP1_Evo1_DBJ_DIAprot_15k2s_CV-45_PAC_COLON_sample-238_02.raw	RAW	1590499984	NOT_DOWNLOADED_RAW
PXD044246	PXD044246	20191022_EXP1_Evo1_DBJ_DIAprot_15k2s_CV-45_PAC_COLON_sample-239_02.raw	RAW	1103974574	NOT_DOWNLOADED_RAW
PXD044246	PXD044246	20191022_EXP1_Evo1_DBJ_DIAprot_15k2s_CV-45_PAC_COLON_sample-240_02.raw	RAW	1395526309	NOT_DOWNLOADED_RAW
PXD044246	PXD044246	20191022_EXP1_Evo1_DBJ_DIAprot_15k2s_CV-45_PAC_COLON_sample-241_02.raw	RAW	1188589881	NOT_DOWNLOADED_RAW
PXD044246	PXD044246	20191022_EXP1_Evo1_DBJ_DIAprot_15k2s_CV-45_PAC_COLON_sample-242_02.raw	RAW	1261230927	NOT_DOWNLOADED_RAW
PXD044246	PXD044246	20191022_EXP1_Evo1_DBJ_DIAprot_15k2s_CV-45_PAC_COLON_sample-243_02.raw	RAW	1554097612	NOT_DOWNLOADED_RAW
PXD044246	PXD044246	20191022_EXP1_Evo1_DBJ_DIAprot_15k2s_CV-45_PAC_COLON_sample-244_02.raw	RAW	1255155742	NOT_DOWNLOADED_RAW
PXD044246	PXD044246	20191022_EXP1_Evo1_DBJ_DIAprot_15k2s_CV-45_PAC_COLON_sample-245_02.raw	RAW	1438439589	NOT_DOWNLOADED_RAW
PXD044246	PXD044246	20191022_EXP1_Evo1_DBJ_DIAprot_15k2s_CV-45_PAC_COLON_sample-246_02.raw	RAW	1011602847	NOT_DOWNLOADED_RAW
PXD044246	PXD044246	20191022_EXP1_Evo1_DBJ_DIAprot_15k2s_CV-45_PAC_COLON_sample-247_02.raw	RAW	1593718056	NOT_DOWNLOADED_RAW
PXD044246	PXD044246	20191022_EXP1_Evo1_DBJ_DIAprot_15k2s_CV-45_PAC_COLON_sample-248_02.raw	RAW	1229832857	NOT_DOWNLOADED_RAW
PXD044246	PXD044246	20191022_EXP1_Evo1_DBJ_DIAprot_15k2s_CV-45_PAC_COLON_sample-249_02.raw	RAW	1469403080	NOT_DOWNLOADED_RAW
PXD044246	PXD044246	20191022_EXP1_Evo1_DBJ_DIAprot_15k2s_CV-45_PAC_COLON_sample-250_02.raw	RAW	1331146940	NOT_DOWNLOADED_RAW
PXD044246	PXD044246	20191022_EXP1_Evo1_DBJ_DIAprot_15k2s_CV-45_PAC_COLON_sample-251_02.raw	RAW	1718529040	NOT_DOWNLOADED_RAW
PXD044246	PXD044246	20191022_EXP1_Evo1_DBJ_DIAprot_15k2s_CV-45_PAC_COLON_sample-252_02.raw	RAW	1421705330	NOT_DOWNLOADED_RAW
PXD044246	PXD044246	20191022_EXP1_Evo1_DBJ_DIAprot_15k2s_CV-45_PAC_COLON_sample-253_02.raw	RAW	1640680087	NOT_DOWNLOADED_RAW
PXD044246	PXD044246	20191022_EXP1_Evo1_DBJ_DIAprot_15k2s_CV-45_PAC_COLON_sample-254_02.raw	RAW	1574927004	NOT_DOWNLOADED_RAW
PXD044246	PXD044246	20191022_EXP1_Evo1_DBJ_DIAprot_15k2s_CV-45_PAC_COLON_sample-255_02.raw	RAW	1080876005	NOT_DOWNLOADED_RAW
PXD044246	PXD044246	20191022_EXP1_Evo1_DBJ_DIAprot_15k2s_CV-45_PAC_COLON_sample-256_02.raw	RAW	1702500389	NOT_DOWNLOADED_RAW
PXD044246	PXD044246	20191022_EXP1_Evo1_DBJ_DIAprot_15k2s_CV-45_PAC_COLON_sample-257_02.raw	RAW	1433367400	NOT_DOWNLOADED_RAW
PXD044246	PXD044246	20191022_EXP1_Evo1_DBJ_DIAprot_15k2s_CV-45_PAC_COLON_sample-258_02.raw	RAW	1045458279	NOT_DOWNLOADED_RAW
PXD044246	PXD044246	20191022_EXP1_Evo1_DBJ_DIAprot_15k2s_CV-45_PAC_COLON_sample-259_02.raw	RAW	924831022	NOT_DOWNLOADED_RAW
PXD044246	PXD044246	20191022_EXP1_Evo1_DBJ_DIAprot_15k2s_CV-45_PAC_COLON_sample-260_02.raw	RAW	801231940	NOT_DOWNLOADED_RAW
PXD044246	PXD044246	20191022_EXP1_Evo1_DBJ_DIAprot_15k2s_CV-45_PAC_COLON_sample-261_02.raw	RAW	1134356833	NOT_DOWNLOADED_RAW
PXD044246	PXD044246	20191022_EXP1_Evo1_DBJ_DIAprot_15k2s_CV-45_PAC_COLON_sample-262_02.raw	RAW	1042227066	NOT_DOWNLOADED_RAW
PXD044246	PXD044246	20191022_EXP1_Evo1_DBJ_DIAprot_15k2s_CV-45_PAC_COLON_sample-263_02.raw	RAW	1607110356	NOT_DOWNLOADED_RAW
PXD044246	PXD044246	20191022_EXP1_Evo1_DBJ_DIAprot_15k2s_CV-45_PAC_COLON_sample-264_02.raw	RAW	1593440381	NOT_DOWNLOADED_RAW
PXD044246	PXD044246	20191022_EXP1_Evo1_DBJ_DIAprot_15k2s_CV-45_PAC_COLON_sample-265_02.raw	RAW	834368969	NOT_DOWNLOADED_RAW
PXD044246	PXD044246	20191022_EXP1_Evo1_DBJ_DIAprot_15k2s_CV-45_PAC_COLON_sample-266_02.raw	RAW	1608323583	NOT_DOWNLOADED_RAW
PXD044246	PXD044246	20191022_EXP1_Evo1_DBJ_DIAprot_15k2s_CV-45_PAC_COLON_sample-267_02.raw	RAW	1357124982	NOT_DOWNLOADED_RAW
PXD044246	PXD044246	20191022_EXP1_Evo1_DBJ_DIAprot_15k2s_CV-45_PAC_COLON_sample-268_02.raw	RAW	1657806080	NOT_DOWNLOADED_RAW
PXD044246	PXD044246	20191022_EXP1_Evo1_DBJ_DIAprot_15k2s_CV-45_PAC_COLON_sample-269_02.raw	RAW	1340033196	NOT_DOWNLOADED_RAW
PXD044246	PXD044246	20191022_EXP1_Evo1_DBJ_DIAprot_15k2s_CV-45_PAC_COLON_sample-270_02.raw	RAW	1148751733	NOT_DOWNLOADED_RAW
PXD044246	PXD044246	20191022_EXP1_Evo1_DBJ_DIAprot_15k2s_CV-45_PAC_COLON_sample-271_02.raw	RAW	1425341855	NOT_DOWNLOADED_RAW
PXD044246	PXD044246	20191022_EXP1_Evo1_DBJ_DIAprot_15k2s_CV-45_PAC_COLON_sample-272_02.raw	RAW	1305446561	NOT_DOWNLOADED_RAW
PXD044246	PXD044246	20191022_EXP1_Evo1_DBJ_DIAprot_15k2s_CV-45_PAC_COLON_sample-273_02.raw	RAW	1483796620	NOT_DOWNLOADED_RAW
PXD044246	PXD044246	20191022_EXP1_Evo1_DBJ_DIAprot_15k2s_CV-45_PAC_COLON_sample-274_02.raw	RAW	1676231294	NOT_DOWNLOADED_RAW
PXD044246	PXD044246	20191022_EXP1_Evo1_DBJ_DIAprot_15k2s_CV-45_PAC_COLON_sample-275_02.raw	RAW	1536808167	NOT_DOWNLOADED_RAW
PXD044246	PXD044246	20191022_EXP1_Evo1_DBJ_DIAprot_15k2s_CV-45_PAC_COLON_sample-276_02.raw	RAW	1387957887	NOT_DOWNLOADED_RAW
PXD044246	PXD044246	20191022_EXP1_Evo1_DBJ_DIAprot_15k2s_CV-45_PAC_COLON_sample-277_02.raw	RAW	1366375512	NOT_DOWNLOADED_RAW
PXD044246	PXD044246	20191022_EXP1_Evo1_DBJ_DIAprot_15k2s_CV-45_PAC_COLON_sample-278_02.raw	RAW	1401490946	NOT_DOWNLOADED_RAW
PXD044246	PXD044246	20191022_EXP1_Evo1_DBJ_DIAprot_15k2s_CV-45_PAC_COLON_sample-279_02.raw	RAW	1109018695	NOT_DOWNLOADED_RAW
PXD044246	PXD044246	20191022_EXP1_Evo1_DBJ_DIAprot_15k2s_CV-45_PAC_COLON_sample-280_02.raw	RAW	1293635279	NOT_DOWNLOADED_RAW
PXD044246	PXD044246	20191022_EXP1_Evo1_DBJ_DIAprot_15k2s_CV-45_PAC_COLON_sample-281_02.raw	RAW	1229043999	NOT_DOWNLOADED_RAW
PXD044246	PXD044246	20191022_EXP1_Evo1_DBJ_DIAprot_15k2s_CV-45_PAC_COLON_sample-282_02.raw	RAW	1624379341	NOT_DOWNLOADED_RAW
PXD044246	PXD044246	20191022_EXP1_Evo1_DBJ_DIAprot_15k2s_CV-45_PAC_COLON_sample-283_02.raw	RAW	1603642278	NOT_DOWNLOADED_RAW
PXD044246	PXD044246	20191022_EXP1_Evo1_DBJ_DIAprot_15k2s_cv-45_SOL_COLON_sample-10_02.raw	RAW	1160682020	NOT_DOWNLOADED_RAW
PXD044246	PXD044246	20191022_EXP1_Evo1_DBJ_DIAprot_15k2s_cv-45_SOL_COLON_sample-11_02.raw	RAW	1197028316	NOT_DOWNLOADED_RAW
PXD044246	PXD044246	20191022_EXP1_Evo1_DBJ_DIAprot_15k2s_cv-45_SOL_COLON_sample-12_02.raw	RAW	1358330582	NOT_DOWNLOADED_RAW
PXD044246	PXD044246	20191022_EXP1_Evo1_DBJ_DIAprot_15k2s_cv-45_SOL_COLON_sample-13_02.raw	RAW	1322711613	NOT_DOWNLOADED_RAW
PXD044246	PXD044246	20191022_EXP1_Evo1_DBJ_DIAprot_15k2s_cv-45_SOL_COLON_sample-14_02.raw	RAW	1105897599	NOT_DOWNLOADED_RAW
PXD044246	PXD044246	20191022_EXP1_Evo1_DBJ_DIAprot_15k2s_cv-45_SOL_COLON_sample-15_02.raw	RAW	1290405626	NOT_DOWNLOADED_RAW
PXD044246	PXD044246	20191022_EXP1_Evo1_DBJ_DIAprot_15k2s_cv-45_SOL_COLON_sample-16_02.raw	RAW	1303931876	NOT_DOWNLOADED_RAW
PXD044246	PXD044246	20191022_EXP1_Evo1_DBJ_DIAprot_15k2s_cv-45_SOL_COLON_sample-17_02.raw	RAW	1310139379	NOT_DOWNLOADED_RAW
PXD044246	PXD044246	20191022_EXP1_Evo1_DBJ_DIAprot_15k2s_cv-45_SOL_COLON_sample-18_02.raw	RAW	1215872946	NOT_DOWNLOADED_RAW
PXD044246	PXD044246	20191022_EXP1_Evo1_DBJ_DIAprot_15k2s_cv-45_SOL_COLON_sample-19_02.raw	RAW	1341952672	NOT_DOWNLOADED_RAW
PXD044246	PXD044246	20191022_EXP1_Evo1_DBJ_DIAprot_15k2s_cv-45_SOL_COLON_sample-1_02.raw	RAW	1330782997	NOT_DOWNLOADED_RAW
PXD044246	PXD044246	20191022_EXP1_Evo1_DBJ_DIAprot_15k2s_cv-45_SOL_COLON_sample-20_02.raw	RAW	741310468	NOT_DOWNLOADED_RAW
PXD044246	PXD044246	20191022_EXP1_Evo1_DBJ_DIAprot_15k2s_cv-45_SOL_COLON_sample-21_02.raw	RAW	1369949098	NOT_DOWNLOADED_RAW
PXD044246	PXD044246	20191022_EXP1_Evo1_DBJ_DIAprot_15k2s_cv-45_SOL_COLON_sample-22_02.raw	RAW	974613002	NOT_DOWNLOADED_RAW
PXD044246	PXD044246	20191022_EXP1_Evo1_DBJ_DIAprot_15k2s_cv-45_SOL_COLON_sample-23_02.raw	RAW	1236263640	NOT_DOWNLOADED_RAW
PXD044246	PXD044246	20191022_EXP1_Evo1_DBJ_DIAprot_15k2s_cv-45_SOL_COLON_sample-24_02.raw	RAW	1305808021	NOT_DOWNLOADED_RAW
PXD044246	PXD044246	20191022_EXP1_Evo1_DBJ_DIAprot_15k2s_cv-45_SOL_COLON_sample-25_02.raw	RAW	1106757200	NOT_DOWNLOADED_RAW
PXD044246	PXD044246	20191022_EXP1_Evo1_DBJ_DIAprot_15k2s_cv-45_SOL_COLON_sample-26_02.raw	RAW	1344241599	NOT_DOWNLOADED_RAW
PXD044246	PXD044246	20191022_EXP1_Evo1_DBJ_DIAprot_15k2s_cv-45_SOL_COLON_sample-27_02.raw	RAW	1089856883	NOT_DOWNLOADED_RAW
PXD044246	PXD044246	20191022_EXP1_Evo1_DBJ_DIAprot_15k2s_cv-45_SOL_COLON_sample-28_02.raw	RAW	1168521391	NOT_DOWNLOADED_RAW
PXD044246	PXD044246	20191022_EXP1_Evo1_DBJ_DIAprot_15k2s_cv-45_SOL_COLON_sample-29_02.raw	RAW	616678625	NOT_DOWNLOADED_RAW
PXD044246	PXD044246	20191022_EXP1_Evo1_DBJ_DIAprot_15k2s_cv-45_SOL_COLON_sample-2_02.raw	RAW	970348053	NOT_DOWNLOADED_RAW
PXD044246	PXD044246	20191022_EXP1_Evo1_DBJ_DIAprot_15k2s_cv-45_SOL_COLON_sample-30_02.raw	RAW	1259715562	NOT_DOWNLOADED_RAW
PXD044246	PXD044246	20191022_EXP1_Evo1_DBJ_DIAprot_15k2s_cv-45_SOL_COLON_sample-31_02.raw	RAW	1343281748	NOT_DOWNLOADED_RAW
PXD044246	PXD044246	20191022_EXP1_Evo1_DBJ_DIAprot_15k2s_cv-45_SOL_COLON_sample-32_02.raw	RAW	1265692232	NOT_DOWNLOADED_RAW
PXD044246	PXD044246	20191022_EXP1_Evo1_DBJ_DIAprot_15k2s_cv-45_SOL_COLON_sample-33_02.raw	RAW	1348024877	NOT_DOWNLOADED_RAW
PXD044246	PXD044246	20191022_EXP1_Evo1_DBJ_DIAprot_15k2s_cv-45_SOL_COLON_sample-34_02.raw	RAW	1362503492	NOT_DOWNLOADED_RAW
PXD044246	PXD044246	20191022_EXP1_Evo1_DBJ_DIAprot_15k2s_cv-45_SOL_COLON_sample-35_02.raw	RAW	712741249	NOT_DOWNLOADED_RAW
PXD044246	PXD044246	20191022_EXP1_Evo1_DBJ_DIAprot_15k2s_cv-45_SOL_COLON_sample-36_02.raw	RAW	1287553275	NOT_DOWNLOADED_RAW
PXD044246	PXD044246	20191022_EXP1_Evo1_DBJ_DIAprot_15k2s_cv-45_SOL_COLON_sample-37_02.raw	RAW	1204224860	NOT_DOWNLOADED_RAW
PXD044246	PXD044246	20191022_EXP1_Evo1_DBJ_DIAprot_15k2s_cv-45_SOL_COLON_sample-38_02.raw	RAW	1235558549	NOT_DOWNLOADED_RAW
PXD044246	PXD044246	20191022_EXP1_Evo1_DBJ_DIAprot_15k2s_cv-45_SOL_COLON_sample-39_02.raw	RAW	1136734503	NOT_DOWNLOADED_RAW
PXD044246	PXD044246	20191022_EXP1_Evo1_DBJ_DIAprot_15k2s_cv-45_SOL_COLON_sample-40_02.raw	RAW	769421451	NOT_DOWNLOADED_RAW
PXD044246	PXD044246	20191022_EXP1_Evo1_DBJ_DIAprot_15k2s_cv-45_SOL_COLON_sample-41_02.raw	RAW	1361706530	NOT_DOWNLOADED_RAW
PXD044246	PXD044246	20191022_EXP1_Evo1_DBJ_DIAprot_15k2s_cv-45_SOL_COLON_sample-42_02.raw	RAW	905996537	NOT_DOWNLOADED_RAW
PXD044246	PXD044246	20191022_EXP1_Evo1_DBJ_DIAprot_15k2s_cv-45_SOL_COLON_sample-43_02.raw	RAW	1118973039	NOT_DOWNLOADED_RAW
PXD044246	PXD044246	20191022_EXP1_Evo1_DBJ_DIAprot_15k2s_cv-45_SOL_COLON_sample-44_02.raw	RAW	1359548426	NOT_DOWNLOADED_RAW
PXD044246	PXD044246	20191022_EXP1_Evo1_DBJ_DIAprot_15k2s_cv-45_SOL_COLON_sample-45_02.raw	RAW	1283827998	NOT_DOWNLOADED_RAW
PXD044246	PXD044246	20191022_EXP1_Evo1_DBJ_DIAprot_15k2s_cv-45_SOL_COLON_sample-46_02.raw	RAW	1067877747	NOT_DOWNLOADED_RAW
PXD044246	PXD044246	20191022_EXP1_Evo1_DBJ_DIAprot_15k2s_cv-45_SOL_COLON_sample-47_02.raw	RAW	900367808	NOT_DOWNLOADED_RAW
PXD044246	PXD044246	20191022_EXP1_Evo1_DBJ_DIAprot_15k2s_cv-45_SOL_COLON_sample-48_02.raw	RAW	1478707895	NOT_DOWNLOADED_RAW
PXD044246	PXD044246	20191022_EXP1_Evo1_DBJ_DIAprot_15k2s_cv-45_SOL_COLON_sample-49_02.raw	RAW	1095753873	NOT_DOWNLOADED_RAW
PXD044246	PXD044246	20191022_EXP1_Evo1_DBJ_DIAprot_15k2s_cv-45_SOL_COLON_sample-4_02.raw	RAW	1202862140	NOT_DOWNLOADED_RAW
PXD044246	PXD044246	20191022_EXP1_Evo1_DBJ_DIAprot_15k2s_cv-45_SOL_COLON_sample-50_02.raw	RAW	1138277839	NOT_DOWNLOADED_RAW
PXD044246	PXD044246	20191022_EXP1_Evo1_DBJ_DIAprot_15k2s_cv-45_SOL_COLON_sample-51_02.raw	RAW	1225237805	NOT_DOWNLOADED_RAW
PXD044246	PXD044246	20191022_EXP1_Evo1_DBJ_DIAprot_15k2s_cv-45_SOL_COLON_sample-52_02.raw	RAW	1669170128	NOT_DOWNLOADED_RAW
PXD044246	PXD044246	20191022_EXP1_Evo1_DBJ_DIAprot_15k2s_cv-45_SOL_COLON_sample-53_02.raw	RAW	1562941390	NOT_DOWNLOADED_RAW
PXD044246	PXD044246	20191022_EXP1_Evo1_DBJ_DIAprot_15k2s_cv-45_SOL_COLON_sample-54_02.raw	RAW	1054395322	NOT_DOWNLOADED_RAW
PXD044246	PXD044246	20191022_EXP1_Evo1_DBJ_DIAprot_15k2s_cv-45_SOL_COLON_sample-55_02.raw	RAW	1189225875	NOT_DOWNLOADED_RAW
PXD044246	PXD044246	20191022_EXP1_Evo1_DBJ_DIAprot_15k2s_cv-45_SOL_COLON_sample-56_02.raw	RAW	1426130341	NOT_DOWNLOADED_RAW
PXD044246	PXD044246	20191022_EXP1_Evo1_DBJ_DIAprot_15k2s_cv-45_SOL_COLON_sample-57_02.raw	RAW	1363350294	NOT_DOWNLOADED_RAW
PXD044246	PXD044246	20191022_EXP1_Evo1_DBJ_DIAprot_15k2s_cv-45_SOL_COLON_sample-58_02.raw	RAW	1020511864	NOT_DOWNLOADED_RAW
PXD044246	PXD044246	20191022_EXP1_Evo1_DBJ_DIAprot_15k2s_cv-45_SOL_COLON_sample-59_02.raw	RAW	858230835	NOT_DOWNLOADED_RAW
PXD044246	PXD044246	20191022_EXP1_Evo1_DBJ_DIAprot_15k2s_cv-45_SOL_COLON_sample-5_02.raw	RAW	1426837850	NOT_DOWNLOADED_RAW
PXD044246	PXD044246	20191022_EXP1_Evo1_DBJ_DIAprot_15k2s_cv-45_SOL_COLON_sample-60_02.raw	RAW	1167905198	NOT_DOWNLOADED_RAW
PXD044246	PXD044246	20191022_EXP1_Evo1_DBJ_DIAprot_15k2s_cv-45_SOL_COLON_sample-61_02.raw	RAW	1249386122	NOT_DOWNLOADED_RAW
PXD044246	PXD044246	20191022_EXP1_Evo1_DBJ_DIAprot_15k2s_cv-45_SOL_COLON_sample-62_02.raw	RAW	1644059693	NOT_DOWNLOADED_RAW
PXD044246	PXD044246	20191022_EXP1_Evo1_DBJ_DIAprot_15k2s_cv-45_SOL_COLON_sample-63_02.raw	RAW	1223541109	NOT_DOWNLOADED_RAW
PXD044246	PXD044246	20191022_EXP1_Evo1_DBJ_DIAprot_15k2s_cv-45_SOL_COLON_sample-64_02.raw	RAW	1684816428	NOT_DOWNLOADED_RAW
PXD044246	PXD044246	20191022_EXP1_Evo1_DBJ_DIAprot_15k2s_cv-45_SOL_COLON_sample-65_02.raw	RAW	1076873113	NOT_DOWNLOADED_RAW
PXD044246	PXD044246	20191022_EXP1_Evo1_DBJ_DIAprot_15k2s_cv-45_SOL_COLON_sample-66_02.raw	RAW	167706923	NOT_DOWNLOADED_RAW
PXD044246	PXD044246	20191022_EXP1_Evo1_DBJ_DIAprot_15k2s_cv-45_SOL_COLON_sample-67_02.raw	RAW	1021081503	NOT_DOWNLOADED_RAW
PXD044246	PXD044246	20191022_EXP1_Evo1_DBJ_DIAprot_15k2s_cv-45_SOL_COLON_sample-68_02.raw	RAW	1281498436	NOT_DOWNLOADED_RAW
PXD044246	PXD044246	20191022_EXP1_Evo1_DBJ_DIAprot_15k2s_cv-45_SOL_COLON_sample-69_02.raw	RAW	708771124	NOT_DOWNLOADED_RAW
PXD044246	PXD044246	20191022_EXP1_Evo1_DBJ_DIAprot_15k2s_cv-45_SOL_COLON_sample-6_02.raw	RAW	1245654618	NOT_DOWNLOADED_RAW
PXD044246	PXD044246	20191022_EXP1_Evo1_DBJ_DIAprot_15k2s_cv-45_SOL_COLON_sample-70_02.raw	RAW	822148389	NOT_DOWNLOADED_RAW
PXD044246	PXD044246	20191022_EXP1_Evo1_DBJ_DIAprot_15k2s_cv-45_SOL_COLON_sample-71_02.raw	RAW	909057185	NOT_DOWNLOADED_RAW
PXD044246	PXD044246	20191022_EXP1_Evo1_DBJ_DIAprot_15k2s_cv-45_SOL_COLON_sample-72_02.raw	RAW	1209730361	NOT_DOWNLOADED_RAW
PXD044246	PXD044246	20191022_EXP1_Evo1_DBJ_DIAprot_15k2s_cv-45_SOL_COLON_sample-73_02.raw	RAW	1406899334	NOT_DOWNLOADED_RAW
PXD044246	PXD044246	20191022_EXP1_Evo1_DBJ_DIAprot_15k2s_cv-45_SOL_COLON_sample-74_02.raw	RAW	1092362461	NOT_DOWNLOADED_RAW
PXD044246	PXD044246	20191022_EXP1_Evo1_DBJ_DIAprot_15k2s_cv-45_SOL_COLON_sample-75_02.raw	RAW	1064508154	NOT_DOWNLOADED_RAW
PXD044246	PXD044246	20191022_EXP1_Evo1_DBJ_DIAprot_15k2s_cv-45_SOL_COLON_sample-76_02.raw	RAW	837985705	NOT_DOWNLOADED_RAW
PXD044246	PXD044246	20191022_EXP1_Evo1_DBJ_DIAprot_15k2s_cv-45_SOL_COLON_sample-77_02.raw	RAW	1208030591	NOT_DOWNLOADED_RAW
PXD044246	PXD044246	20191022_EXP1_Evo1_DBJ_DIAprot_15k2s_cv-45_SOL_COLON_sample-78_02.raw	RAW	971374559	NOT_DOWNLOADED_RAW
PXD044246	PXD044246	20191022_EXP1_Evo1_DBJ_DIAprot_15k2s_cv-45_SOL_COLON_sample-79_02.raw	RAW	1324588116	NOT_DOWNLOADED_RAW
PXD044246	PXD044246	20191022_EXP1_Evo1_DBJ_DIAprot_15k2s_cv-45_SOL_COLON_sample-7_02.raw	RAW	1078434034	NOT_DOWNLOADED_RAW
PXD044246	PXD044246	20191022_EXP1_Evo1_DBJ_DIAprot_15k2s_cv-45_SOL_COLON_sample-80_02.raw	RAW	1179163987	NOT_DOWNLOADED_RAW
PXD044246	PXD044246	20191022_EXP1_Evo1_DBJ_DIAprot_15k2s_cv-45_SOL_COLON_sample-81_02.raw	RAW	1354960577	NOT_DOWNLOADED_RAW
PXD044246	PXD044246	20191022_EXP1_Evo1_DBJ_DIAprot_15k2s_cv-45_SOL_COLON_sample-82_02.raw	RAW	893796449	NOT_DOWNLOADED_RAW
PXD044246	PXD044246	20191022_EXP1_Evo1_DBJ_DIAprot_15k2s_cv-45_SOL_COLON_sample-83_02.raw	RAW	1139300497	NOT_DOWNLOADED_RAW
PXD044246	PXD044246	20191022_EXP1_Evo1_DBJ_DIAprot_15k2s_cv-45_SOL_COLON_sample-84_02.raw	RAW	1355539502	NOT_DOWNLOADED_RAW
PXD044246	PXD044246	20191022_EXP1_Evo1_DBJ_DIAprot_15k2s_cv-45_SOL_COLON_sample-85_02.raw	RAW	912653040	NOT_DOWNLOADED_RAW
PXD044246	PXD044246	20191022_EXP1_Evo1_DBJ_DIAprot_15k2s_cv-45_SOL_COLON_sample-86_02.raw	RAW	1187926881	NOT_DOWNLOADED_RAW
PXD044246	PXD044246	20191022_EXP1_Evo1_DBJ_DIAprot_15k2s_cv-45_SOL_COLON_sample-87_02.raw	RAW	898481980	NOT_DOWNLOADED_RAW
PXD044246	PXD044246	20191022_EXP1_Evo1_DBJ_DIAprot_15k2s_cv-45_SOL_COLON_sample-88_02.raw	RAW	748990876	NOT_DOWNLOADED_RAW
PXD044246	PXD044246	20191022_EXP1_Evo1_DBJ_DIAprot_15k2s_cv-45_SOL_COLON_sample-89_02.raw	RAW	1467417536	NOT_DOWNLOADED_RAW
PXD044246	PXD044246	20191022_EXP1_Evo1_DBJ_DIAprot_15k2s_cv-45_SOL_COLON_sample-8_02.raw	RAW	1287796006	NOT_DOWNLOADED_RAW
PXD044246	PXD044246	20191022_EXP1_Evo1_DBJ_DIAprot_15k2s_cv-45_SOL_COLON_sample-90_02.raw	RAW	618510595	NOT_DOWNLOADED_RAW
PXD044246	PXD044246	20191022_EXP1_Evo1_DBJ_DIAprot_15k2s_cv-45_SOL_COLON_sample-91_02.raw	RAW	1109486335	NOT_DOWNLOADED_RAW
PXD044246	PXD044246	20191022_EXP1_Evo1_DBJ_DIAprot_15k2s_cv-45_SOL_COLON_sample-92_02.raw	RAW	1463517599	NOT_DOWNLOADED_RAW
PXD044246	PXD044246	20191022_EXP1_Evo1_DBJ_DIAprot_15k2s_cv-45_SOL_COLON_sample-93_02.raw	RAW	696664957	NOT_DOWNLOADED_RAW
PXD044246	PXD044246	20191022_EXP1_Evo1_DBJ_DIAprot_15k2s_cv-45_SOL_COLON_sample-94_02.raw	RAW	793672459	NOT_DOWNLOADED_RAW
PXD044246	PXD044246	20191022_EXP1_Evo1_DBJ_DIAprot_15k2s_cv-45_SOL_COLON_sample-95_02.raw	RAW	1269771505	NOT_DOWNLOADED_RAW
PXD044246	PXD044246	20191022_EXP1_Evo1_DBJ_DIAprot_15k2s_cv-45_SOL_COLON_sample-96_02.raw	RAW	1524017186	NOT_DOWNLOADED_RAW
PXD044246	PXD044246	20191022_EXP1_Evo1_DBJ_DIAprot_15k2s_cv-45_SOL_COLON_sample-9_02.raw	RAW	1264777730	NOT_DOWNLOADED_RAW
PXD044246	PXD044246	20191023_EXP1_Evo1_DBJ_DIAprot_15k2s_cv-45_SOL_COLON_sample-100_02.raw	RAW	680768844	NOT_DOWNLOADED_RAW
PXD044246	PXD044246	20191023_EXP1_Evo1_DBJ_DIAprot_15k2s_cv-45_SOL_COLON_sample-101_02.raw	RAW	1092235253	NOT_DOWNLOADED_RAW
PXD044246	PXD044246	20191023_EXP1_Evo1_DBJ_DIAprot_15k2s_cv-45_SOL_COLON_sample-102_02.raw	RAW	1260202783	NOT_DOWNLOADED_RAW
PXD044246	PXD044246	20191023_EXP1_Evo1_DBJ_DIAprot_15k2s_cv-45_SOL_COLON_sample-103_02.raw	RAW	1183922652	NOT_DOWNLOADED_RAW
PXD044246	PXD044246	20191023_EXP1_Evo1_DBJ_DIAprot_15k2s_cv-45_SOL_COLON_sample-104_02.raw	RAW	1655440974	NOT_DOWNLOADED_RAW
PXD044246	PXD044246	20191023_EXP1_Evo1_DBJ_DIAprot_15k2s_cv-45_SOL_COLON_sample-105_02.raw	RAW	1364874535	NOT_DOWNLOADED_RAW
PXD044246	PXD044246	20191023_EXP1_Evo1_DBJ_DIAprot_15k2s_cv-45_SOL_COLON_sample-106_02.raw	RAW	1135339418	NOT_DOWNLOADED_RAW
PXD044246	PXD044246	20191023_EXP1_Evo1_DBJ_DIAprot_15k2s_cv-45_SOL_COLON_sample-107_02.raw	RAW	940294984	NOT_DOWNLOADED_RAW
PXD044246	PXD044246	20191023_EXP1_Evo1_DBJ_DIAprot_15k2s_cv-45_SOL_COLON_sample-108_02.raw	RAW	1144063775	NOT_DOWNLOADED_RAW
PXD044246	PXD044246	20191023_EXP1_Evo1_DBJ_DIAprot_15k2s_cv-45_SOL_COLON_sample-109_02.raw	RAW	1075335374	NOT_DOWNLOADED_RAW
PXD044246	PXD044246	20191023_EXP1_Evo1_DBJ_DIAprot_15k2s_cv-45_SOL_COLON_sample-110_02.raw	RAW	1094388871	NOT_DOWNLOADED_RAW
PXD044246	PXD044246	20191023_EXP1_Evo1_DBJ_DIAprot_15k2s_cv-45_SOL_COLON_sample-111_02.raw	RAW	157777460	NOT_DOWNLOADED_RAW
PXD044246	PXD044246	20191023_EXP1_Evo1_DBJ_DIAprot_15k2s_cv-45_SOL_COLON_sample-112_02.raw	RAW	1280715687	NOT_DOWNLOADED_RAW
PXD044246	PXD044246	20191023_EXP1_Evo1_DBJ_DIAprot_15k2s_cv-45_SOL_COLON_sample-113_02.raw	RAW	1678501500	NOT_DOWNLOADED_RAW
PXD044246	PXD044246	20191023_EXP1_Evo1_DBJ_DIAprot_15k2s_cv-45_SOL_COLON_sample-114_02.raw	RAW	1272774874	NOT_DOWNLOADED_RAW
PXD044246	PXD044246	20191023_EXP1_Evo1_DBJ_DIAprot_15k2s_cv-45_SOL_COLON_sample-115_02.raw	RAW	1207299073	NOT_DOWNLOADED_RAW
PXD044246	PXD044246	20191023_EXP1_Evo1_DBJ_DIAprot_15k2s_cv-45_SOL_COLON_sample-116_02.raw	RAW	1324587742	NOT_DOWNLOADED_RAW
PXD044246	PXD044246	20191023_EXP1_Evo1_DBJ_DIAprot_15k2s_cv-45_SOL_COLON_sample-117_02.raw	RAW	1437341080	NOT_DOWNLOADED_RAW
PXD044246	PXD044246	20191023_EXP1_Evo1_DBJ_DIAprot_15k2s_cv-45_SOL_COLON_sample-118_02.raw	RAW	1253724872	NOT_DOWNLOADED_RAW
PXD044246	PXD044246	20191023_EXP1_Evo1_DBJ_DIAprot_15k2s_cv-45_SOL_COLON_sample-119_02.raw	RAW	1313762808	NOT_DOWNLOADED_RAW
PXD044246	PXD044246	20191023_EXP1_Evo1_DBJ_DIAprot_15k2s_cv-45_SOL_COLON_sample-120_02.raw	RAW	954193689	NOT_DOWNLOADED_RAW
PXD044246	PXD044246	20191023_EXP1_Evo1_DBJ_DIAprot_15k2s_cv-45_SOL_COLON_sample-121_02.raw	RAW	1708975316	NOT_DOWNLOADED_RAW
PXD044246	PXD044246	20191023_EXP1_Evo1_DBJ_DIAprot_15k2s_cv-45_SOL_COLON_sample-122_02.raw	RAW	1092451713	NOT_DOWNLOADED_RAW
PXD044246	PXD044246	20191023_EXP1_Evo1_DBJ_DIAprot_15k2s_cv-45_SOL_COLON_sample-123_02.raw	RAW	1067624957	NOT_DOWNLOADED_RAW
PXD044246	PXD044246	20191023_EXP1_Evo1_DBJ_DIAprot_15k2s_cv-45_SOL_COLON_sample-124_02.raw	RAW	1045801244	NOT_DOWNLOADED_RAW
PXD044246	PXD044246	20191023_EXP1_Evo1_DBJ_DIAprot_15k2s_cv-45_SOL_COLON_sample-125_02.raw	RAW	1098843260	NOT_DOWNLOADED_RAW
PXD044246	PXD044246	20191023_EXP1_Evo1_DBJ_DIAprot_15k2s_cv-45_SOL_COLON_sample-126_02.raw	RAW	1491927132	NOT_DOWNLOADED_RAW
PXD044246	PXD044246	20191023_EXP1_Evo1_DBJ_DIAprot_15k2s_cv-45_SOL_COLON_sample-127_02.raw	RAW	1736901501	NOT_DOWNLOADED_RAW
PXD044246	PXD044246	20191023_EXP1_Evo1_DBJ_DIAprot_15k2s_cv-45_SOL_COLON_sample-128_02.raw	RAW	1252736265	NOT_DOWNLOADED_RAW
PXD044246	PXD044246	20191023_EXP1_Evo1_DBJ_DIAprot_15k2s_cv-45_SOL_COLON_sample-129_02.raw	RAW	653067651	NOT_DOWNLOADED_RAW
PXD044246	PXD044246	20191023_EXP1_Evo1_DBJ_DIAprot_15k2s_cv-45_SOL_COLON_sample-130_02.raw	RAW	680160927	NOT_DOWNLOADED_RAW
PXD044246	PXD044246	20191023_EXP1_Evo1_DBJ_DIAprot_15k2s_cv-45_SOL_COLON_sample-131_02.raw	RAW	993696602	NOT_DOWNLOADED_RAW
PXD044246	PXD044246	20191023_EXP1_Evo1_DBJ_DIAprot_15k2s_cv-45_SOL_COLON_sample-132_02.raw	RAW	930750355	NOT_DOWNLOADED_RAW
PXD044246	PXD044246	20191023_EXP1_Evo1_DBJ_DIAprot_15k2s_cv-45_SOL_COLON_sample-133_02.raw	RAW	1404244552	NOT_DOWNLOADED_RAW
PXD044246	PXD044246	20191023_EXP1_Evo1_DBJ_DIAprot_15k2s_cv-45_SOL_COLON_sample-134_02.raw	RAW	979635595	NOT_DOWNLOADED_RAW
PXD044246	PXD044246	20191023_EXP1_Evo1_DBJ_DIAprot_15k2s_cv-45_SOL_COLON_sample-135_02.raw	RAW	1089833843	NOT_DOWNLOADED_RAW
PXD044246	PXD044246	20191023_EXP1_Evo1_DBJ_DIAprot_15k2s_cv-45_SOL_COLON_sample-136_02.raw	RAW	962913384	NOT_DOWNLOADED_RAW
PXD044246	PXD044246	20191023_EXP1_Evo1_DBJ_DIAprot_15k2s_cv-45_SOL_COLON_sample-137_02.raw	RAW	905447902	NOT_DOWNLOADED_RAW
PXD044246	PXD044246	20191023_EXP1_Evo1_DBJ_DIAprot_15k2s_cv-45_SOL_COLON_sample-138_02.raw	RAW	806002345	NOT_DOWNLOADED_RAW
PXD044246	PXD044246	20191023_EXP1_Evo1_DBJ_DIAprot_15k2s_cv-45_SOL_COLON_sample-139_02.raw	RAW	740172882	NOT_DOWNLOADED_RAW
PXD044246	PXD044246	20191023_EXP1_Evo1_DBJ_DIAprot_15k2s_cv-45_SOL_COLON_sample-140_02.raw	RAW	731663631	NOT_DOWNLOADED_RAW
PXD044246	PXD044246	20191023_EXP1_Evo1_DBJ_DIAprot_15k2s_cv-45_SOL_COLON_sample-141_02.raw	RAW	924121928	NOT_DOWNLOADED_RAW
PXD044246	PXD044246	20191023_EXP1_Evo1_DBJ_DIAprot_15k2s_cv-45_SOL_COLON_sample-142_02.raw	RAW	884334180	NOT_DOWNLOADED_RAW
PXD044246	PXD044246	20191023_EXP1_Evo1_DBJ_DIAprot_15k2s_cv-45_SOL_COLON_sample-143_02.raw	RAW	981865363	NOT_DOWNLOADED_RAW
PXD044246	PXD044246	20191023_EXP1_Evo1_DBJ_DIAprot_15k2s_cv-45_SOL_COLON_sample-144_02.raw	RAW	952554884	NOT_DOWNLOADED_RAW
PXD044246	PXD044246	20191023_EXP1_Evo1_DBJ_DIAprot_15k2s_cv-45_SOL_COLON_sample-145_02.raw	RAW	875585313	NOT_DOWNLOADED_RAW
PXD044246	PXD044246	20191023_EXP1_Evo1_DBJ_DIAprot_15k2s_cv-45_SOL_COLON_sample-146_02.raw	RAW	841806743	NOT_DOWNLOADED_RAW
PXD044246	PXD044246	20191023_EXP1_Evo1_DBJ_DIAprot_15k2s_cv-45_SOL_COLON_sample-147_02.raw	RAW	1060223357	NOT_DOWNLOADED_RAW
PXD044246	PXD044246	20191023_EXP1_Evo1_DBJ_DIAprot_15k2s_cv-45_SOL_COLON_sample-148_02.raw	RAW	917562688	NOT_DOWNLOADED_RAW
PXD044246	PXD044246	20191023_EXP1_Evo1_DBJ_DIAprot_15k2s_cv-45_SOL_COLON_sample-149_02.raw	RAW	908939827	NOT_DOWNLOADED_RAW
PXD044246	PXD044246	20191023_EXP1_Evo1_DBJ_DIAprot_15k2s_cv-45_SOL_COLON_sample-150_02.raw	RAW	1251853365	NOT_DOWNLOADED_RAW
PXD044246	PXD044246	20191023_EXP1_Evo1_DBJ_DIAprot_15k2s_cv-45_SOL_COLON_sample-151_02.raw	RAW	918272097	NOT_DOWNLOADED_RAW
PXD044246	PXD044246	20191023_EXP1_Evo1_DBJ_DIAprot_15k2s_cv-45_SOL_COLON_sample-152_02.raw	RAW	1261001072	NOT_DOWNLOADED_RAW
PXD044246	PXD044246	20191023_EXP1_Evo1_DBJ_DIAprot_15k2s_cv-45_SOL_COLON_sample-153_02.raw	RAW	827350463	NOT_DOWNLOADED_RAW
PXD044246	PXD044246	20191023_EXP1_Evo1_DBJ_DIAprot_15k2s_cv-45_SOL_COLON_sample-154_02.raw	RAW	1023648138	NOT_DOWNLOADED_RAW
PXD044246	PXD044246	20191023_EXP1_Evo1_DBJ_DIAprot_15k2s_cv-45_SOL_COLON_sample-155_02.raw	RAW	902068134	NOT_DOWNLOADED_RAW
PXD044246	PXD044246	20191023_EXP1_Evo1_DBJ_DIAprot_15k2s_cv-45_SOL_COLON_sample-156_02.raw	RAW	975215363	NOT_DOWNLOADED_RAW
PXD044246	PXD044246	20191023_EXP1_Evo1_DBJ_DIAprot_15k2s_cv-45_SOL_COLON_sample-157_02.raw	RAW	1045779356	NOT_DOWNLOADED_RAW
PXD044246	PXD044246	20191023_EXP1_Evo1_DBJ_DIAprot_15k2s_cv-45_SOL_COLON_sample-158_02.raw	RAW	794919307	NOT_DOWNLOADED_RAW
PXD044246	PXD044246	20191023_EXP1_Evo1_DBJ_DIAprot_15k2s_cv-45_SOL_COLON_sample-159_02.raw	RAW	963542081	NOT_DOWNLOADED_RAW
PXD044246	PXD044246	20191023_EXP1_Evo1_DBJ_DIAprot_15k2s_cv-45_SOL_COLON_sample-160_02.raw	RAW	734116674	NOT_DOWNLOADED_RAW
PXD044246	PXD044246	20191023_EXP1_Evo1_DBJ_DIAprot_15k2s_cv-45_SOL_COLON_sample-161_02.raw	RAW	943717509	NOT_DOWNLOADED_RAW
PXD044246	PXD044246	20191023_EXP1_Evo1_DBJ_DIAprot_15k2s_cv-45_SOL_COLON_sample-162_02.raw	RAW	938889808	NOT_DOWNLOADED_RAW
PXD044246	PXD044246	20191023_EXP1_Evo1_DBJ_DIAprot_15k2s_cv-45_SOL_COLON_sample-163_02.raw	RAW	962489675	NOT_DOWNLOADED_RAW
PXD044246	PXD044246	20191023_EXP1_Evo1_DBJ_DIAprot_15k2s_cv-45_SOL_COLON_sample-164_02.raw	RAW	1026048823	NOT_DOWNLOADED_RAW
PXD044246	PXD044246	20191023_EXP1_Evo1_DBJ_DIAprot_15k2s_cv-45_SOL_COLON_sample-97_02.raw	RAW	910280526	NOT_DOWNLOADED_RAW
PXD044246	PXD044246	20191023_EXP1_Evo1_DBJ_DIAprot_15k2s_cv-45_SOL_COLON_sample-98_02.raw	RAW	1077082180	NOT_DOWNLOADED_RAW
PXD044246	PXD044246	20191023_EXP1_Evo1_DBJ_DIAprot_15k2s_cv-45_SOL_COLON_sample-99_02.raw	RAW	1746290944	NOT_DOWNLOADED_RAW
PXD044246	PXD044246	20191108_EXP1_Evo1_DBJ_DIAProt_15k2s_PAC_COLON_sample-209_03.raw	RAW	716062179	NOT_DOWNLOADED_RAW
PXD044246	PXD044246	20191108_EXP1_Evo1_DBJ_DIAProt_15k2s_PAC_COLON_sample-241_03.raw	RAW	800858374	NOT_DOWNLOADED_RAW
PXD044246	PXD044246	20191108_EXP1_Evo1_DBJ_DIAProt_15k2s_PAC_COLON_sample-242_03.raw	RAW	855746670	NOT_DOWNLOADED_RAW
PXD044246	PXD044246	20191108_EXP1_Evo1_DBJ_DIAProt_15k2s_PAC_COLON_sample-257_03.raw	RAW	1105106066	NOT_DOWNLOADED_RAW
PXD044246	PXD044246	20191108_EXP1_Evo1_DBJ_DIAProt_15k2s_PAC_COLON_sample-259_03.raw	RAW	606564833	NOT_DOWNLOADED_RAW
PXD044246	PXD044246	20191108_EXP1_Evo1_DBJ_DIAProt_15k2s_PAC_COLON_sample-262_03.raw	RAW	685114172	NOT_DOWNLOADED_RAW
PXD044246	PXD044246	20191108_EXP1_Evo1_DBJ_DIAProt_15k2s_PAC_COLON_sample-266_03.raw	RAW	1217431038	NOT_DOWNLOADED_RAW
PXD044246	PXD044246	20191108_EXP1_Evo1_DBJ_DIAProt_15k2s_PAC_COLON_sample-276_03.raw	RAW	915682657	NOT_DOWNLOADED_RAW
PXD044246	PXD044246	20191108_EXP1_Evo1_DBJ_DIAProt_15k2s_PAC_COLON_sample-277_03.raw	RAW	940540668	NOT_DOWNLOADED_RAW
PXD044246	PXD044246	20191108_EXP1_Evo1_DBJ_DIAProt_15k2s_PAC_COLON_sample-281_03.raw	RAW	844963564	NOT_DOWNLOADED_RAW
PXD044246	PXD044246	20191108_EXP1_Evo1_DBJ_DIAProt_15k2s_SOL_COLON_sample-101_03.raw	RAW	1016239036	NOT_DOWNLOADED_RAW
PXD044246	PXD044246	20191108_EXP1_Evo1_DBJ_DIAProt_15k2s_SOL_COLON_sample-104_03.raw	RAW	980448366	NOT_DOWNLOADED_RAW
PXD044246	PXD044246	20191108_EXP1_Evo1_DBJ_DIAProt_15k2s_SOL_COLON_sample-105_03.raw	RAW	848210151	NOT_DOWNLOADED_RAW
PXD044246	PXD044246	20191108_EXP1_Evo1_DBJ_DIAProt_15k2s_SOL_COLON_sample-106_03.raw	RAW	1043134715	NOT_DOWNLOADED_RAW
PXD044246	PXD044246	20191108_EXP1_Evo1_DBJ_DIAProt_15k2s_SOL_COLON_sample-112_03.raw	RAW	954914959	NOT_DOWNLOADED_RAW
PXD044246	PXD044246	20191108_EXP1_Evo1_DBJ_DIAProt_15k2s_SOL_COLON_sample-114_03.raw	RAW	1108052134	NOT_DOWNLOADED_RAW
PXD044246	PXD044246	20191108_EXP1_Evo1_DBJ_DIAProt_15k2s_SOL_COLON_sample-117_03.raw	RAW	886982705	NOT_DOWNLOADED_RAW
PXD044246	PXD044246	20191108_EXP1_Evo1_DBJ_DIAProt_15k2s_SOL_COLON_sample-11_03.raw	RAW	1196114780	NOT_DOWNLOADED_RAW
PXD044246	PXD044246	20191108_EXP1_Evo1_DBJ_DIAProt_15k2s_SOL_COLON_sample-12_03.raw	RAW	902021775	NOT_DOWNLOADED_RAW
PXD044246	PXD044246	20191108_EXP1_Evo1_DBJ_DIAProt_15k2s_SOL_COLON_sample-2_03.raw	RAW	804371244	NOT_DOWNLOADED_RAW
PXD044246	PXD044246	20191108_EXP1_Evo1_DBJ_DIAProt_15k2s_SOL_COLON_sample-50_03.raw	RAW	818470453	NOT_DOWNLOADED_RAW
PXD044246	PXD044246	20191108_EXP1_Evo1_DBJ_DIAProt_15k2s_SOL_COLON_sample-52_03.raw	RAW	1064297420	NOT_DOWNLOADED_RAW
PXD044246	PXD044246	20191108_EXP1_Evo1_DBJ_DIAProt_15k2s_SOL_COLON_sample-72_03.raw	RAW	948223599	NOT_DOWNLOADED_RAW
PXD044246	PXD044246	20191108_EXP1_Evo1_DBJ_DIAProt_15k2s_SOL_COLON_sample-75_03.raw	RAW	690376593	NOT_DOWNLOADED_RAW
PXD044246	PXD044246	20191108_EXP1_Evo1_DBJ_DIAProt_15k2s_SOL_COLON_sample-79_03.raw	RAW	805712264	NOT_DOWNLOADED_RAW
PXD044246	PXD044246	20191108_EXP1_Evo1_DBJ_DIAProt_15k2s_SOL_COLON_sample-95_03.raw	RAW	1100682229	NOT_DOWNLOADED_RAW
PXD044246	PXD044246	20200427_EXPL2_EvoPRI_AMV_SA_21m_DIA_Prot_15k2s_COLON_sample-284.raw	RAW	1007697252	NOT_DOWNLOADED_RAW
PXD044246	PXD044246	20200427_EXPL2_EvoPRI_AMV_SA_21m_DIA_Prot_15k2s_COLON_sample-284_02.raw	RAW	950889011	NOT_DOWNLOADED_RAW
PXD044246	PXD044246	20200427_EXPL2_EvoPRI_AMV_SA_21m_DIA_Prot_15k2s_COLON_sample-285.raw	RAW	939568013	NOT_DOWNLOADED_RAW
PXD044246	PXD044246	20200427_EXPL2_EvoPRI_AMV_SA_21m_DIA_Prot_15k2s_COLON_sample-285_02.raw	RAW	870846011	NOT_DOWNLOADED_RAW
PXD044246	PXD044246	20200427_EXPL2_EvoPRI_AMV_SA_21m_DIA_Prot_15k2s_COLON_sample-286.raw	RAW	571742357	NOT_DOWNLOADED_RAW
PXD044246	PXD044246	20200427_EXPL2_EvoPRI_AMV_SA_21m_DIA_Prot_15k2s_COLON_sample-286_02.raw	RAW	602560280	NOT_DOWNLOADED_RAW
PXD044246	PXD044246	20200427_EXPL2_EvoPRI_AMV_SA_21m_DIA_Prot_15k2s_COLON_sample-287.raw	RAW	1106438394	NOT_DOWNLOADED_RAW
PXD044246	PXD044246	20200427_EXPL2_EvoPRI_AMV_SA_21m_DIA_Prot_15k2s_COLON_sample-287_02.raw	RAW	1153608354	NOT_DOWNLOADED_RAW
PXD044246	PXD044246	20200427_EXPL2_EvoPRI_AMV_SA_21m_DIA_Prot_15k2s_COLON_sample-288.raw	RAW	604051222	NOT_DOWNLOADED_RAW
PXD044246	PXD044246	20200427_EXPL2_EvoPRI_AMV_SA_21m_DIA_Prot_15k2s_COLON_sample-288_02.raw	RAW	551840550	NOT_DOWNLOADED_RAW
PXD044246	PXD044246	20200427_EXPL2_EvoPRI_AMV_SA_21m_DIA_Prot_15k2s_COLON_sample-289.raw	RAW	673549602	NOT_DOWNLOADED_RAW
PXD044246	PXD044246	20200427_EXPL2_EvoPRI_AMV_SA_21m_DIA_Prot_15k2s_COLON_sample-289_02.raw	RAW	715338652	NOT_DOWNLOADED_RAW
PXD044246	PXD044246	20200427_EXPL2_EvoPRI_AMV_SA_21m_DIA_Prot_15k2s_COLON_sample-290.raw	RAW	305741326	NOT_DOWNLOADED_RAW
PXD044246	PXD044246	20200427_EXPL2_EvoPRI_AMV_SA_21m_DIA_Prot_15k2s_COLON_sample-290_02.raw	RAW	283786190	NOT_DOWNLOADED_RAW
PXD044246	PXD044246	20200427_EXPL2_EvoPRI_AMV_SA_21m_DIA_Prot_15k2s_COLON_sample-291.raw	RAW	813272291	NOT_DOWNLOADED_RAW
PXD044246	PXD044246	20200427_EXPL2_EvoPRI_AMV_SA_21m_DIA_Prot_15k2s_COLON_sample-291_02.raw	RAW	861756864	NOT_DOWNLOADED_RAW
PXD044246	PXD044246	20200427_EXPL2_EvoPRI_AMV_SA_21m_DIA_Prot_15k2s_COLON_sample-292.raw	RAW	328995405	NOT_DOWNLOADED_RAW
PXD044246	PXD044246	20200427_EXPL2_EvoPRI_AMV_SA_21m_DIA_Prot_15k2s_COLON_sample-292_02.raw	RAW	364921288	NOT_DOWNLOADED_RAW
PXD044246	PXD044246	20200427_EXPL2_EvoPRI_AMV_SA_21m_DIA_Prot_15k2s_COLON_sample-293.raw	RAW	725551078	NOT_DOWNLOADED_RAW
PXD044246	PXD044246	20200427_EXPL2_EvoPRI_AMV_SA_21m_DIA_Prot_15k2s_COLON_sample-293_02.raw	RAW	813785825	NOT_DOWNLOADED_RAW
PXD044246	PXD044246	20200427_EXPL2_EvoPRI_AMV_SA_21m_DIA_Prot_15k2s_COLON_sample-294.raw	RAW	884067887	NOT_DOWNLOADED_RAW
PXD044246	PXD044246	20200427_EXPL2_EvoPRI_AMV_SA_21m_DIA_Prot_15k2s_COLON_sample-294_02.raw	RAW	849939980	NOT_DOWNLOADED_RAW
PXD044246	PXD044246	20200427_EXPL2_EvoPRI_AMV_SA_21m_DIA_Prot_15k2s_COLON_sample-295.raw	RAW	628848258	NOT_DOWNLOADED_RAW
PXD044246	PXD044246	20200427_EXPL2_EvoPRI_AMV_SA_21m_DIA_Prot_15k2s_COLON_sample-295_02.raw	RAW	642204999	NOT_DOWNLOADED_RAW
PXD044246	PXD044246	20200427_EXPL2_EvoPRI_AMV_SA_21m_DIA_Prot_15k2s_COLON_sample-296.raw	RAW	1079550408	NOT_DOWNLOADED_RAW
PXD044246	PXD044246	20200427_EXPL2_EvoPRI_AMV_SA_21m_DIA_Prot_15k2s_COLON_sample-296_02.raw	RAW	1020211071	NOT_DOWNLOADED_RAW
PXD044246	PXD044246	20200427_EXPL2_EvoPRI_AMV_SA_21m_DIA_Prot_15k2s_COLON_sample-297.raw	RAW	672691068	NOT_DOWNLOADED_RAW
PXD044246	PXD044246	20200427_EXPL2_EvoPRI_AMV_SA_21m_DIA_Prot_15k2s_COLON_sample-297_02.raw	RAW	687078776	NOT_DOWNLOADED_RAW
PXD044246	PXD044246	20200427_EXPL2_EvoPRI_AMV_SA_21m_DIA_Prot_15k2s_COLON_sample-298.raw	RAW	808175113	NOT_DOWNLOADED_RAW
PXD044246	PXD044246	20200427_EXPL2_EvoPRI_AMV_SA_21m_DIA_Prot_15k2s_COLON_sample-298_02.raw	RAW	865033196	NOT_DOWNLOADED_RAW
PXD044246	PXD044246	20200427_EXPL2_EvoPRI_AMV_SA_21m_DIA_Prot_15k2s_COLON_sample-299.raw	RAW	573893091	NOT_DOWNLOADED_RAW
PXD044246	PXD044246	20200427_EXPL2_EvoPRI_AMV_SA_21m_DIA_Prot_15k2s_COLON_sample-299_02.raw	RAW	563212511	NOT_DOWNLOADED_RAW
PXD044246	PXD044246	20200427_EXPL2_EvoPRI_AMV_SA_21m_DIA_Prot_15k2s_COLON_sample-300.raw	RAW	606363335	NOT_DOWNLOADED_RAW
PXD044246	PXD044246	20200427_EXPL2_EvoPRI_AMV_SA_21m_DIA_Prot_15k2s_COLON_sample-300_02.raw	RAW	629764278	NOT_DOWNLOADED_RAW
PXD044246	PXD044246	20200427_EXPL2_EvoPRI_AMV_SA_21m_DIA_Prot_15k2s_COLON_sample-301.raw	RAW	388331222	NOT_DOWNLOADED_RAW
PXD044246	PXD044246	20200427_EXPL2_EvoPRI_AMV_SA_21m_DIA_Prot_15k2s_COLON_sample-301_02.raw	RAW	442163545	NOT_DOWNLOADED_RAW
PXD044246	PXD044246	20200427_EXPL2_EvoPRI_AMV_SA_21m_DIA_Prot_15k2s_COLON_sample-302.raw	RAW	329932897	NOT_DOWNLOADED_RAW
PXD044246	PXD044246	20200427_EXPL2_EvoPRI_AMV_SA_21m_DIA_Prot_15k2s_COLON_sample-302_02.raw	RAW	354203947	NOT_DOWNLOADED_RAW
PXD044246	PXD044246	20200427_EXPL2_EvoPRI_AMV_SA_21m_DIA_Prot_15k2s_COLON_sample-303.raw	RAW	871001400	NOT_DOWNLOADED_RAW
PXD044246	PXD044246	20200427_EXPL2_EvoPRI_AMV_SA_21m_DIA_Prot_15k2s_COLON_sample-303_02.raw	RAW	912758585	NOT_DOWNLOADED_RAW
PXD044246	PXD044246	20200427_EXPL2_EvoPRI_AMV_SA_21m_DIA_Prot_15k2s_COLON_sample-304.raw	RAW	810763913	NOT_DOWNLOADED_RAW
PXD044246	PXD044246	20200427_EXPL2_EvoPRI_AMV_SA_21m_DIA_Prot_15k2s_COLON_sample-304_02.raw	RAW	798922089	NOT_DOWNLOADED_RAW
PXD044246	PXD044246	20200427_EXPL2_EvoPRI_AMV_SA_21m_DIA_Prot_15k2s_COLON_sample-305.raw	RAW	341218445	NOT_DOWNLOADED_RAW
PXD044246	PXD044246	20200427_EXPL2_EvoPRI_AMV_SA_21m_DIA_Prot_15k2s_COLON_sample-305_02.raw	RAW	338893517	NOT_DOWNLOADED_RAW
PXD044246	PXD044246	20200427_EXPL2_EvoPRI_AMV_SA_21m_DIA_Prot_15k2s_COLON_sample-306.raw	RAW	685736821	NOT_DOWNLOADED_RAW
PXD044246	PXD044246	20200427_EXPL2_EvoPRI_AMV_SA_21m_DIA_Prot_15k2s_COLON_sample-306_02.raw	RAW	700565687	NOT_DOWNLOADED_RAW
PXD044246	PXD044246	20200427_EXPL2_EvoPRI_AMV_SA_21m_DIA_Prot_15k2s_COLON_sample-307.raw	RAW	922387427	NOT_DOWNLOADED_RAW
PXD044246	PXD044246	20200427_EXPL2_EvoPRI_AMV_SA_21m_DIA_Prot_15k2s_COLON_sample-307_02.raw	RAW	926728500	NOT_DOWNLOADED_RAW
PXD044246	PXD044246	20200427_EXPL2_EvoPRI_AMV_SA_21m_DIA_Prot_15k2s_COLON_sample-308.raw	RAW	587697139	NOT_DOWNLOADED_RAW
PXD044246	PXD044246	20200427_EXPL2_EvoPRI_AMV_SA_21m_DIA_Prot_15k2s_COLON_sample-308_02.raw	RAW	665088453	NOT_DOWNLOADED_RAW
PXD044246	PXD044246	20200427_EXPL2_EvoPRI_AMV_SA_21m_DIA_Prot_15k2s_COLON_sample-309.raw	RAW	604128936	NOT_DOWNLOADED_RAW
PXD044246	PXD044246	20200427_EXPL2_EvoPRI_AMV_SA_21m_DIA_Prot_15k2s_COLON_sample-309_02.raw	RAW	722063491	NOT_DOWNLOADED_RAW
PXD044246	PXD044246	20200427_EXPL2_EvoPRI_AMV_SA_21m_DIA_Prot_15k2s_COLON_sample-310.raw	RAW	425672458	NOT_DOWNLOADED_RAW
PXD044246	PXD044246	20200427_EXPL2_EvoPRI_AMV_SA_21m_DIA_Prot_15k2s_COLON_sample-310_02.raw	RAW	454241302	NOT_DOWNLOADED_RAW
PXD044246	PXD044246	20200427_EXPL2_EvoPRI_AMV_SA_21m_DIA_Prot_15k2s_COLON_sample-311.raw	RAW	621049084	NOT_DOWNLOADED_RAW
PXD044246	PXD044246	20200427_EXPL2_EvoPRI_AMV_SA_21m_DIA_Prot_15k2s_COLON_sample-311_02.raw	RAW	718952932	NOT_DOWNLOADED_RAW
PXD044246	PXD044246	20200427_EXPL2_EvoPRI_AMV_SA_21m_DIA_Prot_15k2s_COLON_sample-312.raw	RAW	941233641	NOT_DOWNLOADED_RAW
PXD044246	PXD044246	20200427_EXPL2_EvoPRI_AMV_SA_21m_DIA_Prot_15k2s_COLON_sample-312_02.raw	RAW	963821210	NOT_DOWNLOADED_RAW
PXD044246	PXD044246	20200427_EXPL2_EvoPRI_AMV_SA_21m_DIA_Prot_15k2s_COLON_sample-313.raw	RAW	821310757	NOT_DOWNLOADED_RAW
PXD044246	PXD044246	20200427_EXPL2_EvoPRI_AMV_SA_21m_DIA_Prot_15k2s_COLON_sample-313_02.raw	RAW	871571381	NOT_DOWNLOADED_RAW
PXD044246	PXD044246	20200427_EXPL2_EvoPRI_AMV_SA_21m_DIA_Prot_15k2s_COLON_sample-314.raw	RAW	888275411	NOT_DOWNLOADED_RAW
PXD044246	PXD044246	20200427_EXPL2_EvoPRI_AMV_SA_21m_DIA_Prot_15k2s_COLON_sample-314_02.raw	RAW	964339953	NOT_DOWNLOADED_RAW
PXD044246	PXD044246	20200427_EXPL2_EvoPRI_AMV_SA_21m_DIA_Prot_15k2s_COLON_sample-315.raw	RAW	342319983	NOT_DOWNLOADED_RAW
PXD044246	PXD044246	20200427_EXPL2_EvoPRI_AMV_SA_21m_DIA_Prot_15k2s_COLON_sample-315_02.raw	RAW	460396717	NOT_DOWNLOADED_RAW
PXD044246	PXD044246	20200427_EXPL2_EvoPRI_AMV_SA_21m_DIA_Prot_15k2s_COLON_sample-316.raw	RAW	482636122	NOT_DOWNLOADED_RAW
PXD044246	PXD044246	20200427_EXPL2_EvoPRI_AMV_SA_21m_DIA_Prot_15k2s_COLON_sample-316_02.raw	RAW	564659640	NOT_DOWNLOADED_RAW
PXD044246	PXD044246	20200427_EXPL2_EvoPRI_AMV_SA_21m_DIA_Prot_15k2s_COLON_sample-317.raw	RAW	871601313	NOT_DOWNLOADED_RAW
PXD044246	PXD044246	20200427_EXPL2_EvoPRI_AMV_SA_21m_DIA_Prot_15k2s_COLON_sample-317_02.raw	RAW	893432541	NOT_DOWNLOADED_RAW
PXD044246	PXD044246	20200427_EXPL2_EvoPRI_AMV_SA_21m_DIA_Prot_15k2s_COLON_sample-318.raw	RAW	906140953	NOT_DOWNLOADED_RAW
PXD044246	PXD044246	20200427_EXPL2_EvoPRI_AMV_SA_21m_DIA_Prot_15k2s_COLON_sample-318_02.raw	RAW	886681508	NOT_DOWNLOADED_RAW
PXD044246	PXD044246	20200427_EXPL2_EvoPRI_AMV_SA_21m_DIA_Prot_15k2s_COLON_sample-319.raw	RAW	843316069	NOT_DOWNLOADED_RAW
PXD044246	PXD044246	20200427_EXPL2_EvoPRI_AMV_SA_21m_DIA_Prot_15k2s_COLON_sample-319_02.raw	RAW	923643258	NOT_DOWNLOADED_RAW
PXD044246	PXD044246	20200427_EXPL2_EvoPRI_AMV_SA_21m_DIA_Prot_15k2s_COLON_sample-320.raw	RAW	664180323	NOT_DOWNLOADED_RAW
PXD044246	PXD044246	20200427_EXPL2_EvoPRI_AMV_SA_21m_DIA_Prot_15k2s_COLON_sample-320_02.raw	RAW	586928299	NOT_DOWNLOADED_RAW
PXD044246	PXD044246	20200427_EXPL2_EvoPRI_AMV_SA_21m_DIA_Prot_15k2s_COLON_sample-321.raw	RAW	605931423	NOT_DOWNLOADED_RAW
PXD044246	PXD044246	20200427_EXPL2_EvoPRI_AMV_SA_21m_DIA_Prot_15k2s_COLON_sample-321_02.raw	RAW	600552980	NOT_DOWNLOADED_RAW
PXD044246	PXD044246	20200427_EXPL2_EvoPRI_AMV_SA_21m_DIA_Prot_15k2s_COLON_sample-322.raw	RAW	850584878	NOT_DOWNLOADED_RAW
PXD044246	PXD044246	20200427_EXPL2_EvoPRI_AMV_SA_21m_DIA_Prot_15k2s_COLON_sample-322_02.raw	RAW	821646688	NOT_DOWNLOADED_RAW
PXD044246	PXD044246	20200427_EXPL2_EvoPRI_AMV_SA_21m_DIA_Prot_15k2s_COLON_sample-323.raw	RAW	711433073	NOT_DOWNLOADED_RAW
PXD044246	PXD044246	20200427_EXPL2_EvoPRI_AMV_SA_21m_DIA_Prot_15k2s_COLON_sample-323_02.raw	RAW	695785882	NOT_DOWNLOADED_RAW
PXD044246	PXD044246	20200427_EXPL2_EvoPRI_AMV_SA_21m_DIA_Prot_15k2s_COLON_sample-324.raw	RAW	566560512	NOT_DOWNLOADED_RAW
PXD044246	PXD044246	20200427_EXPL2_EvoPRI_AMV_SA_21m_DIA_Prot_15k2s_COLON_sample-324_02.raw	RAW	457604497	NOT_DOWNLOADED_RAW
PXD044246	PXD044246	20200427_EXPL2_EvoPRI_AMV_SA_21m_DIA_Prot_15k2s_COLON_sample-325.raw	RAW	949410647	NOT_DOWNLOADED_RAW
PXD044246	PXD044246	20200427_EXPL2_EvoPRI_AMV_SA_21m_DIA_Prot_15k2s_COLON_sample-325_02.raw	RAW	873445495	NOT_DOWNLOADED_RAW
PXD044246	PXD044246	20200427_EXPL2_EvoPRI_AMV_SA_21m_DIA_Prot_15k2s_COLON_sample-326.raw	RAW	455860590	NOT_DOWNLOADED_RAW
PXD044246	PXD044246	20200427_EXPL2_EvoPRI_AMV_SA_21m_DIA_Prot_15k2s_COLON_sample-326_02.raw	RAW	448065733	NOT_DOWNLOADED_RAW
PXD044246	PXD044246	20200427_EXPL2_EvoPRI_AMV_SA_21m_DIA_Prot_15k2s_COLON_sample-327.raw	RAW	286286657	NOT_DOWNLOADED_RAW
PXD044246	PXD044246	20200427_EXPL2_EvoPRI_AMV_SA_21m_DIA_Prot_15k2s_COLON_sample-327_02.raw	RAW	281936067	NOT_DOWNLOADED_RAW
PXD044246	PXD044246	20200427_EXPL2_EvoPRI_AMV_SA_21m_DIA_Prot_15k2s_COLON_sample-328.raw	RAW	949300640	NOT_DOWNLOADED_RAW
PXD044246	PXD044246	20200427_EXPL2_EvoPRI_AMV_SA_21m_DIA_Prot_15k2s_COLON_sample-328_02.raw	RAW	910376616	NOT_DOWNLOADED_RAW
PXD044246	PXD044246	20200427_EXPL2_EvoPRI_AMV_SA_21m_DIA_Prot_15k2s_COLON_sample-329.raw	RAW	795585389	NOT_DOWNLOADED_RAW
PXD044246	PXD044246	20200427_EXPL2_EvoPRI_AMV_SA_21m_DIA_Prot_15k2s_COLON_sample-329_02.raw	RAW	742288895	NOT_DOWNLOADED_RAW
PXD044246	PXD044246	20200427_EXPL2_EvoPRI_AMV_SA_21m_DIA_Prot_15k2s_COLON_sample-330.raw	RAW	230118572	NOT_DOWNLOADED_RAW
PXD044246	PXD044246	20200427_EXPL2_EvoPRI_AMV_SA_21m_DIA_Prot_15k2s_COLON_sample-330_02.raw	RAW	230833528	NOT_DOWNLOADED_RAW
PXD044246	PXD044246	20200427_EXPL2_EvoPRI_AMV_SA_21m_DIA_Prot_15k2s_COLON_sample-331.raw	RAW	543579723	NOT_DOWNLOADED_RAW
PXD044246	PXD044246	20200427_EXPL2_EvoPRI_AMV_SA_21m_DIA_Prot_15k2s_COLON_sample-331_02.raw	RAW	569054168	NOT_DOWNLOADED_RAW
PXD044246	PXD044246	20200427_EXPL2_EvoPRI_AMV_SA_21m_DIA_Prot_15k2s_COLON_sample-332.raw	RAW	787972270	NOT_DOWNLOADED_RAW
PXD044246	PXD044246	20200427_EXPL2_EvoPRI_AMV_SA_21m_DIA_Prot_15k2s_COLON_sample-332_02.raw	RAW	633152627	NOT_DOWNLOADED_RAW
PXD044246	PXD044246	20200427_EXPL2_EvoPRI_AMV_SA_21m_DIA_Prot_15k2s_COLON_sample-333.raw	RAW	705686221	NOT_DOWNLOADED_RAW
PXD044246	PXD044246	20200427_EXPL2_EvoPRI_AMV_SA_21m_DIA_Prot_15k2s_COLON_sample-333_02.raw	RAW	590960941	NOT_DOWNLOADED_RAW
PXD044246	PXD044246	20200427_EXPL2_EvoPRI_AMV_SA_21m_DIA_Prot_15k2s_COLON_sample-334.raw	RAW	364899567	NOT_DOWNLOADED_RAW
PXD044246	PXD044246	20200427_EXPL2_EvoPRI_AMV_SA_21m_DIA_Prot_15k2s_COLON_sample-334_02.raw	RAW	399582777	NOT_DOWNLOADED_RAW
PXD044246	PXD044246	20200427_EXPL2_EvoPRI_AMV_SA_21m_DIA_Prot_15k2s_COLON_sample-335.raw	RAW	1028375894	NOT_DOWNLOADED_RAW
PXD044246	PXD044246	20200427_EXPL2_EvoPRI_AMV_SA_21m_DIA_Prot_15k2s_COLON_sample-335_02.raw	RAW	1039917103	NOT_DOWNLOADED_RAW
PXD044246	PXD044246	20200427_EXPL2_EvoPRI_AMV_SA_21m_DIA_Prot_15k2s_COLON_sample-336.raw	RAW	995218879	NOT_DOWNLOADED_RAW
PXD044246	PXD044246	20200427_EXPL2_EvoPRI_AMV_SA_21m_DIA_Prot_15k2s_COLON_sample-336_02.raw	RAW	1000105714	NOT_DOWNLOADED_RAW
PXD044246	PXD044246	20200427_EXPL2_EvoPRI_AMV_SA_21m_DIA_Prot_15k2s_COLON_sample-337.raw	RAW	678368327	NOT_DOWNLOADED_RAW
PXD044246	PXD044246	20200427_EXPL2_EvoPRI_AMV_SA_21m_DIA_Prot_15k2s_COLON_sample-337_02.raw	RAW	703657571	NOT_DOWNLOADED_RAW
PXD044246	PXD044246	20200427_EXPL2_EvoPRI_AMV_SA_21m_DIA_Prot_15k2s_COLON_sample-338.raw	RAW	499203948	NOT_DOWNLOADED_RAW
PXD044246	PXD044246	20200427_EXPL2_EvoPRI_AMV_SA_21m_DIA_Prot_15k2s_COLON_sample-338_02.raw	RAW	563610132	NOT_DOWNLOADED_RAW
PXD044246	PXD044246	20200427_EXPL2_EvoPRI_AMV_SA_21m_DIA_Prot_15k2s_COLON_sample-339.raw	RAW	404816703	NOT_DOWNLOADED_RAW
PXD044246	PXD044246	20200427_EXPL2_EvoPRI_AMV_SA_21m_DIA_Prot_15k2s_COLON_sample-339_02.raw	RAW	315997777	NOT_DOWNLOADED_RAW
PXD044246	PXD044246	20200427_EXPL2_EvoPRI_AMV_SA_21m_DIA_Prot_15k2s_COLON_sample-340.raw	RAW	313512989	NOT_DOWNLOADED_RAW
PXD044246	PXD044246	20200427_EXPL2_EvoPRI_AMV_SA_21m_DIA_Prot_15k2s_COLON_sample-340_02.raw	RAW	246789740	NOT_DOWNLOADED_RAW
PXD044246	PXD044246	20200427_EXPL2_EvoPRI_AMV_SA_21m_DIA_Prot_15k2s_COLON_sample-341.raw	RAW	682237914	NOT_DOWNLOADED_RAW
PXD044246	PXD044246	20200427_EXPL2_EvoPRI_AMV_SA_21m_DIA_Prot_15k2s_COLON_sample-341_02.raw	RAW	343496029	NOT_DOWNLOADED_RAW
PXD044246	PXD044246	20200427_EXPL2_EvoPRI_AMV_SA_21m_DIA_Prot_15k2s_COLON_sample-342.raw	RAW	785045705	NOT_DOWNLOADED_RAW
PXD044246	PXD044246	20200427_EXPL2_EvoPRI_AMV_SA_21m_DIA_Prot_15k2s_COLON_sample-342_02.raw	RAW	792606623	NOT_DOWNLOADED_RAW
PXD044246	PXD044246	20200427_EXPL2_EvoPRI_AMV_SA_21m_DIA_Prot_15k2s_COLON_sample-343.raw	RAW	583073384	NOT_DOWNLOADED_RAW
PXD044246	PXD044246	20200427_EXPL2_EvoPRI_AMV_SA_21m_DIA_Prot_15k2s_COLON_sample-343_02.raw	RAW	687646759	NOT_DOWNLOADED_RAW
PXD044246	PXD044246	20200427_EXPL2_EvoPRI_AMV_SA_21m_DIA_Prot_15k2s_COLON_sample-344.raw	RAW	373943273	NOT_DOWNLOADED_RAW
PXD044246	PXD044246	20200427_EXPL2_EvoPRI_AMV_SA_21m_DIA_Prot_15k2s_COLON_sample-344_02.raw	RAW	427834968	NOT_DOWNLOADED_RAW
PXD044246	PXD044246	20200427_EXPL2_EvoPRI_AMV_SA_21m_DIA_Prot_15k2s_COLON_sample-345.raw	RAW	280971376	NOT_DOWNLOADED_RAW
PXD044246	PXD044246	20200427_EXPL2_EvoPRI_AMV_SA_21m_DIA_Prot_15k2s_COLON_sample-345_02.raw	RAW	255518936	NOT_DOWNLOADED_RAW
PXD044246	PXD044246	20200427_EXPL2_EvoPRI_AMV_SA_21m_DIA_Prot_15k2s_COLON_sample-346.raw	RAW	432261550	NOT_DOWNLOADED_RAW
PXD044246	PXD044246	20200427_EXPL2_EvoPRI_AMV_SA_21m_DIA_Prot_15k2s_COLON_sample-346_02.raw	RAW	532632940	NOT_DOWNLOADED_RAW
PXD044246	PXD044246	20200427_EXPL2_EvoPRI_AMV_SA_21m_DIA_Prot_15k2s_COLON_sample-347.raw	RAW	284374288	NOT_DOWNLOADED_RAW
PXD044246	PXD044246	20200427_EXPL2_EvoPRI_AMV_SA_21m_DIA_Prot_15k2s_COLON_sample-347_02.raw	RAW	299909548	NOT_DOWNLOADED_RAW
PXD044246	PXD044246	20200427_EXPL2_EvoPRI_AMV_SA_21m_DIA_Prot_15k2s_COLON_sample-348.raw	RAW	639774962	NOT_DOWNLOADED_RAW
PXD044246	PXD044246	20200427_EXPL2_EvoPRI_AMV_SA_21m_DIA_Prot_15k2s_COLON_sample-348_02.raw	RAW	654869248	NOT_DOWNLOADED_RAW
PXD044246	PXD044246	20200427_EXPL2_EvoPRI_AMV_SA_21m_DIA_Prot_15k2s_COLON_sample-349.raw	RAW	1039474736	NOT_DOWNLOADED_RAW
PXD044246	PXD044246	20200427_EXPL2_EvoPRI_AMV_SA_21m_DIA_Prot_15k2s_COLON_sample-349_02.raw	RAW	1128770625	NOT_DOWNLOADED_RAW
PXD044246	PXD044246	20200427_EXPL2_EvoPRI_AMV_SA_21m_DIA_Prot_15k2s_COLON_sample-350.raw	RAW	1005745249	NOT_DOWNLOADED_RAW
PXD044246	PXD044246	20200427_EXPL2_EvoPRI_AMV_SA_21m_DIA_Prot_15k2s_COLON_sample-350_02.raw	RAW	1043350320	NOT_DOWNLOADED_RAW
PXD044246	PXD044246	20200427_EXPL2_EvoPRI_AMV_SA_21m_DIA_Prot_15k2s_COLON_sample-351.raw	RAW	805272923	NOT_DOWNLOADED_RAW
PXD044246	PXD044246	20200427_EXPL2_EvoPRI_AMV_SA_21m_DIA_Prot_15k2s_COLON_sample-351_02.raw	RAW	886250793	NOT_DOWNLOADED_RAW
PXD044246	PXD044246	20200427_EXPL2_EvoPRI_AMV_SA_21m_DIA_Prot_15k2s_COLON_sample-352.raw	RAW	668052428	NOT_DOWNLOADED_RAW
PXD044246	PXD044246	20200427_EXPL2_EvoPRI_AMV_SA_21m_DIA_Prot_15k2s_COLON_sample-352_02.raw	RAW	762956413	NOT_DOWNLOADED_RAW
PXD044246	PXD044246	20200427_EXPL2_EvoPRI_AMV_SA_21m_DIA_Prot_15k2s_COLON_sample-353.raw	RAW	473356336	NOT_DOWNLOADED_RAW
PXD044246	PXD044246	20200427_EXPL2_EvoPRI_AMV_SA_21m_DIA_Prot_15k2s_COLON_sample-353_02.raw	RAW	517704571	NOT_DOWNLOADED_RAW
PXD044246	PXD044246	20200427_EXPL2_EvoPRI_AMV_SA_21m_DIA_Prot_15k2s_COLON_sample-354.raw	RAW	605671809	NOT_DOWNLOADED_RAW
PXD044246	PXD044246	20200427_EXPL2_EvoPRI_AMV_SA_21m_DIA_Prot_15k2s_COLON_sample-354_02.raw	RAW	613597627	NOT_DOWNLOADED_RAW
PXD044246	PXD044246	20200427_EXPL2_EvoPRI_AMV_SA_21m_DIA_Prot_15k2s_COLON_sample-355.raw	RAW	533091534	NOT_DOWNLOADED_RAW
PXD044246	PXD044246	20200427_EXPL2_EvoPRI_AMV_SA_21m_DIA_Prot_15k2s_COLON_sample-355_02.raw	RAW	607363469	NOT_DOWNLOADED_RAW
PXD044246	PXD044246	20200427_EXPL2_EvoPRI_AMV_SA_21m_DIA_Prot_15k2s_COLON_sample-356.raw	RAW	398019288	NOT_DOWNLOADED_RAW
PXD044246	PXD044246	20200427_EXPL2_EvoPRI_AMV_SA_21m_DIA_Prot_15k2s_COLON_sample-356_02.raw	RAW	447710244	NOT_DOWNLOADED_RAW
PXD044246	PXD044246	20200427_EXPL2_EvoPRI_AMV_SA_21m_DIA_Prot_15k2s_COLON_sample-357.raw	RAW	342786290	NOT_DOWNLOADED_RAW
PXD044246	PXD044246	20200427_EXPL2_EvoPRI_AMV_SA_21m_DIA_Prot_15k2s_COLON_sample-357_02.raw	RAW	340561175	NOT_DOWNLOADED_RAW
PXD044246	PXD044246	20200427_EXPL2_EvoPRI_AMV_SA_21m_DIA_Prot_15k2s_COLON_sample-358.raw	RAW	550976642	NOT_DOWNLOADED_RAW
PXD044246	PXD044246	20200427_EXPL2_EvoPRI_AMV_SA_21m_DIA_Prot_15k2s_COLON_sample-358_02.raw	RAW	552117257	NOT_DOWNLOADED_RAW
PXD044246	PXD044246	20200427_EXPL2_EvoPRI_AMV_SA_21m_DIA_Prot_15k2s_COLON_sample-359.raw	RAW	200730423	NOT_DOWNLOADED_RAW
PXD044246	PXD044246	20200427_EXPL2_EvoPRI_AMV_SA_21m_DIA_Prot_15k2s_COLON_sample-359_02.raw	RAW	232477920	NOT_DOWNLOADED_RAW
PXD044246	PXD044246	20200427_EXPL2_EvoPRI_AMV_SA_21m_DIA_Prot_15k2s_COLON_sample-360.raw	RAW	518258126	NOT_DOWNLOADED_RAW
PXD044246	PXD044246	20200427_EXPL2_EvoPRI_AMV_SA_21m_DIA_Prot_15k2s_COLON_sample-360_02.raw	RAW	505891944	NOT_DOWNLOADED_RAW
PXD044246	PXD044246	20200427_EXPL2_EvoPRI_AMV_SA_21m_DIA_Prot_15k2s_COLON_sample-361.raw	RAW	569087243	NOT_DOWNLOADED_RAW
PXD044246	PXD044246	20200427_EXPL2_EvoPRI_AMV_SA_21m_DIA_Prot_15k2s_COLON_sample-361_02.raw	RAW	667201450	NOT_DOWNLOADED_RAW
PXD044246	PXD044246	20200427_EXPL2_EvoPRI_AMV_SA_21m_DIA_Prot_15k2s_COLON_sample-362.raw	RAW	570418692	NOT_DOWNLOADED_RAW
PXD044246	PXD044246	20200427_EXPL2_EvoPRI_AMV_SA_21m_DIA_Prot_15k2s_COLON_sample-362_02.raw	RAW	540922282	NOT_DOWNLOADED_RAW
PXD044246	PXD044246	20200427_EXPL2_EvoPRI_AMV_SA_21m_DIA_Prot_15k2s_COLON_sample-363.raw	RAW	473103859	NOT_DOWNLOADED_RAW
PXD044246	PXD044246	20200427_EXPL2_EvoPRI_AMV_SA_21m_DIA_Prot_15k2s_COLON_sample-363_02.raw	RAW	538696847	NOT_DOWNLOADED_RAW
PXD044246	PXD044246	20200427_EXPL2_EvoPRI_AMV_SA_21m_DIA_Prot_15k2s_COLON_sample-364.raw	RAW	453268993	NOT_DOWNLOADED_RAW
PXD044246	PXD044246	20200427_EXPL2_EvoPRI_AMV_SA_21m_DIA_Prot_15k2s_COLON_sample-364_02.raw	RAW	439135673	NOT_DOWNLOADED_RAW
PXD044246	PXD044246	20200427_EXPL2_EvoPRI_AMV_SA_21m_DIA_Prot_15k2s_COLON_sample-365.raw	RAW	487986197	NOT_DOWNLOADED_RAW
PXD044246	PXD044246	20200427_EXPL2_EvoPRI_AMV_SA_21m_DIA_Prot_15k2s_COLON_sample-365_02.raw	RAW	482712357	NOT_DOWNLOADED_RAW
PXD044246	PXD044246	20200427_EXPL2_EvoPRI_AMV_SA_21m_DIA_Prot_15k2s_COLON_sample-366.raw	RAW	380414618	NOT_DOWNLOADED_RAW
PXD044246	PXD044246	20200427_EXPL2_EvoPRI_AMV_SA_21m_DIA_Prot_15k2s_COLON_sample-366_02.raw	RAW	468060888	NOT_DOWNLOADED_RAW
PXD044246	PXD044246	20200427_EXPL2_EvoPRI_AMV_SA_21m_DIA_Prot_15k2s_COLON_sample-367.raw	RAW	771622332	NOT_DOWNLOADED_RAW
PXD044246	PXD044246	20200427_EXPL2_EvoPRI_AMV_SA_21m_DIA_Prot_15k2s_COLON_sample-367_02.raw	RAW	741468429	NOT_DOWNLOADED_RAW
PXD044246	PXD044246	20200427_EXPL2_EvoPRI_AMV_SA_21m_DIA_Prot_15k2s_COLON_sample-368.raw	RAW	403132675	NOT_DOWNLOADED_RAW
PXD044246	PXD044246	20200427_EXPL2_EvoPRI_AMV_SA_21m_DIA_Prot_15k2s_COLON_sample-368_02.raw	RAW	414062533	NOT_DOWNLOADED_RAW
PXD044246	PXD044246	20200427_EXPL2_EvoPRI_AMV_SA_21m_DIA_Prot_15k2s_COLON_sample-369.raw	RAW	745876859	NOT_DOWNLOADED_RAW
PXD044246	PXD044246	20200427_EXPL2_EvoPRI_AMV_SA_21m_DIA_Prot_15k2s_COLON_sample-369_02.raw	RAW	688934241	NOT_DOWNLOADED_RAW
PXD044246	PXD044246	20200427_EXPL2_EvoPRI_AMV_SA_21m_DIA_Prot_15k2s_COLON_sample-370.raw	RAW	475904963	NOT_DOWNLOADED_RAW
PXD044246	PXD044246	20200427_EXPL2_EvoPRI_AMV_SA_21m_DIA_Prot_15k2s_COLON_sample-370_02.raw	RAW	605578884	NOT_DOWNLOADED_RAW
PXD044246	PXD044246	20200427_EXPL2_EvoPRI_AMV_SA_21m_DIA_Prot_15k2s_COLON_sample-371.raw	RAW	577710167	NOT_DOWNLOADED_RAW
PXD044246	PXD044246	20200427_EXPL2_EvoPRI_AMV_SA_21m_DIA_Prot_15k2s_COLON_sample-371_02.raw	RAW	611892349	NOT_DOWNLOADED_RAW
PXD044246	PXD044246	20200427_EXPL2_EvoPRI_AMV_SA_21m_DIA_Prot_15k2s_COLON_sample-372.raw	RAW	283979230	NOT_DOWNLOADED_RAW
PXD044246	PXD044246	20200427_EXPL2_EvoPRI_AMV_SA_21m_DIA_Prot_15k2s_COLON_sample-372_02.raw	RAW	272246891	NOT_DOWNLOADED_RAW
PXD044246	PXD044246	20200427_EXPL2_EvoPRI_AMV_SA_21m_DIA_Prot_15k2s_COLON_sample-373.raw	RAW	756083323	NOT_DOWNLOADED_RAW
PXD044246	PXD044246	20200427_EXPL2_EvoPRI_AMV_SA_21m_DIA_Prot_15k2s_COLON_sample-373_02.raw	RAW	834045797	NOT_DOWNLOADED_RAW
PXD044246	PXD044246	20200427_EXPL2_EvoPRI_AMV_SA_21m_DIA_Prot_15k2s_COLON_sample-374.raw	RAW	685087268	NOT_DOWNLOADED_RAW
PXD044246	PXD044246	20200427_EXPL2_EvoPRI_AMV_SA_21m_DIA_Prot_15k2s_COLON_sample-374_02.raw	RAW	729617358	NOT_DOWNLOADED_RAW
PXD044246	PXD044246	20220713_EXPL2_EVO3_AMV_60SPD_FAIMS-45_DIA_Prot_15k2s_CRC_2ndCohort_Sample100_02.raw	RAW	735290455	NOT_DOWNLOADED_RAW
PXD044246	PXD044246	20220713_EXPL2_EVO3_AMV_60SPD_FAIMS-45_DIA_Prot_15k2s_CRC_2ndCohort_Sample100_03.raw	RAW	684440017	NOT_DOWNLOADED_RAW
PXD044246	PXD044246	20220713_EXPL2_EVO3_AMV_60SPD_FAIMS-45_DIA_Prot_15k2s_CRC_2ndCohort_Sample104_01.raw	RAW	554601743	NOT_DOWNLOADED_RAW
PXD044246	PXD044246	20220713_EXPL2_EVO3_AMV_60SPD_FAIMS-45_DIA_Prot_15k2s_CRC_2ndCohort_Sample104_02.raw	RAW	605338967	NOT_DOWNLOADED_RAW
PXD044246	PXD044246	20220713_EXPL2_EVO3_AMV_60SPD_FAIMS-45_DIA_Prot_15k2s_CRC_2ndCohort_Sample106_02.raw	RAW	587307995	NOT_DOWNLOADED_RAW
PXD044246	PXD044246	20220713_EXPL2_EVO3_AMV_60SPD_FAIMS-45_DIA_Prot_15k2s_CRC_2ndCohort_Sample106_03.raw	RAW	567127177	NOT_DOWNLOADED_RAW
PXD044246	PXD044246	20220713_EXPL2_EVO3_AMV_60SPD_FAIMS-45_DIA_Prot_15k2s_CRC_2ndCohort_Sample109_01.raw	RAW	561601917	NOT_DOWNLOADED_RAW
PXD044246	PXD044246	20220713_EXPL2_EVO3_AMV_60SPD_FAIMS-45_DIA_Prot_15k2s_CRC_2ndCohort_Sample109_02.raw	RAW	553247697	NOT_DOWNLOADED_RAW
PXD044246	PXD044246	20220713_EXPL2_EVO3_AMV_60SPD_FAIMS-45_DIA_Prot_15k2s_CRC_2ndCohort_Sample112_01.raw	RAW	679237163	NOT_DOWNLOADED_RAW
PXD044246	PXD044246	20220713_EXPL2_EVO3_AMV_60SPD_FAIMS-45_DIA_Prot_15k2s_CRC_2ndCohort_Sample112_02.raw	RAW	787652731	NOT_DOWNLOADED_RAW
PXD044246	PXD044246	20220713_EXPL2_EVO3_AMV_60SPD_FAIMS-45_DIA_Prot_15k2s_CRC_2ndCohort_Sample118_01.raw	RAW	626969583	NOT_DOWNLOADED_RAW
PXD044246	PXD044246	20220713_EXPL2_EVO3_AMV_60SPD_FAIMS-45_DIA_Prot_15k2s_CRC_2ndCohort_Sample118_02.raw	RAW	659569411	NOT_DOWNLOADED_RAW
PXD044246	PXD044246	20220713_EXPL2_EVO3_AMV_60SPD_FAIMS-45_DIA_Prot_15k2s_CRC_2ndCohort_Sample125_01.raw	RAW	527380595	NOT_DOWNLOADED_RAW
PXD044246	PXD044246	20220713_EXPL2_EVO3_AMV_60SPD_FAIMS-45_DIA_Prot_15k2s_CRC_2ndCohort_Sample125_02.raw	RAW	617383067	NOT_DOWNLOADED_RAW
PXD044246	PXD044246	20220713_EXPL2_EVO3_AMV_60SPD_FAIMS-45_DIA_Prot_15k2s_CRC_2ndCohort_Sample127_01.raw	RAW	222299331	NOT_DOWNLOADED_RAW
PXD044246	PXD044246	20220713_EXPL2_EVO3_AMV_60SPD_FAIMS-45_DIA_Prot_15k2s_CRC_2ndCohort_Sample127_02.raw	RAW	253339071	NOT_DOWNLOADED_RAW
PXD044246	PXD044246	20220713_EXPL2_EVO3_AMV_60SPD_FAIMS-45_DIA_Prot_15k2s_CRC_2ndCohort_Sample129_02.raw	RAW	596942239	NOT_DOWNLOADED_RAW
PXD044246	PXD044246	20220713_EXPL2_EVO3_AMV_60SPD_FAIMS-45_DIA_Prot_15k2s_CRC_2ndCohort_Sample129_03.raw	RAW	598833893	NOT_DOWNLOADED_RAW
PXD044246	PXD044246	20220713_EXPL2_EVO3_AMV_60SPD_FAIMS-45_DIA_Prot_15k2s_CRC_2ndCohort_Sample132_02.raw	RAW	931533839	NOT_DOWNLOADED_RAW
PXD044246	PXD044246	20220713_EXPL2_EVO3_AMV_60SPD_FAIMS-45_DIA_Prot_15k2s_CRC_2ndCohort_Sample132_03.raw	RAW	887652539	NOT_DOWNLOADED_RAW
PXD044246	PXD044246	20220713_EXPL2_EVO3_AMV_60SPD_FAIMS-45_DIA_Prot_15k2s_CRC_2ndCohort_Sample135_02.raw	RAW	1140786523	NOT_DOWNLOADED_RAW
PXD044246	PXD044246	20220713_EXPL2_EVO3_AMV_60SPD_FAIMS-45_DIA_Prot_15k2s_CRC_2ndCohort_Sample135_03.raw	RAW	1314307331	NOT_DOWNLOADED_RAW
PXD044246	PXD044246	20220713_EXPL2_EVO3_AMV_60SPD_FAIMS-45_DIA_Prot_15k2s_CRC_2ndCohort_Sample136_02.raw	RAW	526267175	NOT_DOWNLOADED_RAW
PXD044246	PXD044246	20220713_EXPL2_EVO3_AMV_60SPD_FAIMS-45_DIA_Prot_15k2s_CRC_2ndCohort_Sample136_03.raw	RAW	419336949	NOT_DOWNLOADED_RAW
PXD044246	PXD044246	20220713_EXPL2_EVO3_AMV_60SPD_FAIMS-45_DIA_Prot_15k2s_CRC_2ndCohort_Sample142_01.raw	RAW	903378863	NOT_DOWNLOADED_RAW
PXD044246	PXD044246	20220713_EXPL2_EVO3_AMV_60SPD_FAIMS-45_DIA_Prot_15k2s_CRC_2ndCohort_Sample142_02.raw	RAW	1009464361	NOT_DOWNLOADED_RAW
PXD044246	PXD044246	20220713_EXPL2_EVO3_AMV_60SPD_FAIMS-45_DIA_Prot_15k2s_CRC_2ndCohort_Sample147_02.raw	RAW	412857299	NOT_DOWNLOADED_RAW
PXD044246	PXD044246	20220713_EXPL2_EVO3_AMV_60SPD_FAIMS-45_DIA_Prot_15k2s_CRC_2ndCohort_Sample147_03.raw	RAW	369530027	NOT_DOWNLOADED_RAW
PXD044246	PXD044246	20220713_EXPL2_EVO3_AMV_60SPD_FAIMS-45_DIA_Prot_15k2s_CRC_2ndCohort_Sample14_01.raw	RAW	746826623	NOT_DOWNLOADED_RAW
PXD044246	PXD044246	20220713_EXPL2_EVO3_AMV_60SPD_FAIMS-45_DIA_Prot_15k2s_CRC_2ndCohort_Sample14_02.raw	RAW	592640787	NOT_DOWNLOADED_RAW
PXD044246	PXD044246	20220713_EXPL2_EVO3_AMV_60SPD_FAIMS-45_DIA_Prot_15k2s_CRC_2ndCohort_Sample152_01.raw	RAW	598997615	NOT_DOWNLOADED_RAW
PXD044246	PXD044246	20220713_EXPL2_EVO3_AMV_60SPD_FAIMS-45_DIA_Prot_15k2s_CRC_2ndCohort_Sample152_03.raw	RAW	714017747	NOT_DOWNLOADED_RAW
PXD044246	PXD044246	20220713_EXPL2_EVO3_AMV_60SPD_FAIMS-45_DIA_Prot_15k2s_CRC_2ndCohort_Sample155_01.raw	RAW	595202355	NOT_DOWNLOADED_RAW
PXD044246	PXD044246	20220713_EXPL2_EVO3_AMV_60SPD_FAIMS-45_DIA_Prot_15k2s_CRC_2ndCohort_Sample155_02.raw	RAW	637030495	NOT_DOWNLOADED_RAW
PXD044246	PXD044246	20220713_EXPL2_EVO3_AMV_60SPD_FAIMS-45_DIA_Prot_15k2s_CRC_2ndCohort_Sample160_01.raw	RAW	706194323	NOT_DOWNLOADED_RAW
PXD044246	PXD044246	20220713_EXPL2_EVO3_AMV_60SPD_FAIMS-45_DIA_Prot_15k2s_CRC_2ndCohort_Sample160_03.raw	RAW	921189319	NOT_DOWNLOADED_RAW
PXD044246	PXD044246	20220713_EXPL2_EVO3_AMV_60SPD_FAIMS-45_DIA_Prot_15k2s_CRC_2ndCohort_Sample161_01.raw	RAW	522741333	NOT_DOWNLOADED_RAW
PXD044246	PXD044246	20220713_EXPL2_EVO3_AMV_60SPD_FAIMS-45_DIA_Prot_15k2s_CRC_2ndCohort_Sample161_02.raw	RAW	594563037	NOT_DOWNLOADED_RAW
PXD044246	PXD044246	20220713_EXPL2_EVO3_AMV_60SPD_FAIMS-45_DIA_Prot_15k2s_CRC_2ndCohort_Sample164_01.raw	RAW	604442079	NOT_DOWNLOADED_RAW
PXD044246	PXD044246	20220713_EXPL2_EVO3_AMV_60SPD_FAIMS-45_DIA_Prot_15k2s_CRC_2ndCohort_Sample164_02.raw	RAW	737525419	NOT_DOWNLOADED_RAW
PXD044246	PXD044246	20220713_EXPL2_EVO3_AMV_60SPD_FAIMS-45_DIA_Prot_15k2s_CRC_2ndCohort_Sample167_02.raw	RAW	441315985	NOT_DOWNLOADED_RAW
PXD044246	PXD044246	20220713_EXPL2_EVO3_AMV_60SPD_FAIMS-45_DIA_Prot_15k2s_CRC_2ndCohort_Sample167_03.raw	RAW	392305971	NOT_DOWNLOADED_RAW
PXD044246	PXD044246	20220713_EXPL2_EVO3_AMV_60SPD_FAIMS-45_DIA_Prot_15k2s_CRC_2ndCohort_Sample169_01.raw	RAW	528396579	NOT_DOWNLOADED_RAW
PXD044246	PXD044246	20220713_EXPL2_EVO3_AMV_60SPD_FAIMS-45_DIA_Prot_15k2s_CRC_2ndCohort_Sample169_02.raw	RAW	827011769	NOT_DOWNLOADED_RAW
PXD044246	PXD044246	20220713_EXPL2_EVO3_AMV_60SPD_FAIMS-45_DIA_Prot_15k2s_CRC_2ndCohort_Sample171_01.raw	RAW	826732871	NOT_DOWNLOADED_RAW
PXD044246	PXD044246	20220713_EXPL2_EVO3_AMV_60SPD_FAIMS-45_DIA_Prot_15k2s_CRC_2ndCohort_Sample171_02.raw	RAW	952724285	NOT_DOWNLOADED_RAW
PXD044246	PXD044246	20220713_EXPL2_EVO3_AMV_60SPD_FAIMS-45_DIA_Prot_15k2s_CRC_2ndCohort_Sample172_01.raw	RAW	494690931	NOT_DOWNLOADED_RAW
PXD044246	PXD044246	20220713_EXPL2_EVO3_AMV_60SPD_FAIMS-45_DIA_Prot_15k2s_CRC_2ndCohort_Sample172_02.raw	RAW	560043607	NOT_DOWNLOADED_RAW
PXD044246	PXD044246	20220713_EXPL2_EVO3_AMV_60SPD_FAIMS-45_DIA_Prot_15k2s_CRC_2ndCohort_Sample176_01.raw	RAW	786557981	NOT_DOWNLOADED_RAW
PXD044246	PXD044246	20220713_EXPL2_EVO3_AMV_60SPD_FAIMS-45_DIA_Prot_15k2s_CRC_2ndCohort_Sample176_02.raw	RAW	879853087	NOT_DOWNLOADED_RAW
PXD044246	PXD044246	20220713_EXPL2_EVO3_AMV_60SPD_FAIMS-45_DIA_Prot_15k2s_CRC_2ndCohort_Sample179_01.raw	RAW	298734623	NOT_DOWNLOADED_RAW
PXD044246	PXD044246	20220713_EXPL2_EVO3_AMV_60SPD_FAIMS-45_DIA_Prot_15k2s_CRC_2ndCohort_Sample179_03.raw	RAW	270818155	NOT_DOWNLOADED_RAW
PXD044246	PXD044246	20220713_EXPL2_EVO3_AMV_60SPD_FAIMS-45_DIA_Prot_15k2s_CRC_2ndCohort_Sample180_01.raw	RAW	409919975	NOT_DOWNLOADED_RAW
PXD044246	PXD044246	20220713_EXPL2_EVO3_AMV_60SPD_FAIMS-45_DIA_Prot_15k2s_CRC_2ndCohort_Sample180_02.raw	RAW	491817245	NOT_DOWNLOADED_RAW
PXD044246	PXD044246	20220713_EXPL2_EVO3_AMV_60SPD_FAIMS-45_DIA_Prot_15k2s_CRC_2ndCohort_Sample18_01.raw	RAW	736217207	NOT_DOWNLOADED_RAW
PXD044246	PXD044246	20220713_EXPL2_EVO3_AMV_60SPD_FAIMS-45_DIA_Prot_15k2s_CRC_2ndCohort_Sample18_02.raw	RAW	671744267	NOT_DOWNLOADED_RAW
PXD044246	PXD044246	20220713_EXPL2_EVO3_AMV_60SPD_FAIMS-45_DIA_Prot_15k2s_CRC_2ndCohort_Sample1_01.raw	RAW	667623675	NOT_DOWNLOADED_RAW
PXD044246	PXD044246	20220713_EXPL2_EVO3_AMV_60SPD_FAIMS-45_DIA_Prot_15k2s_CRC_2ndCohort_Sample1_02.raw	RAW	554659513	NOT_DOWNLOADED_RAW
PXD044246	PXD044246	20220713_EXPL2_EVO3_AMV_60SPD_FAIMS-45_DIA_Prot_15k2s_CRC_2ndCohort_Sample21_01.raw	RAW	726475995	NOT_DOWNLOADED_RAW
PXD044246	PXD044246	20220713_EXPL2_EVO3_AMV_60SPD_FAIMS-45_DIA_Prot_15k2s_CRC_2ndCohort_Sample21_02.raw	RAW	701465977	NOT_DOWNLOADED_RAW
PXD044246	PXD044246	20220713_EXPL2_EVO3_AMV_60SPD_FAIMS-45_DIA_Prot_15k2s_CRC_2ndCohort_Sample22_01.raw	RAW	818477787	NOT_DOWNLOADED_RAW
PXD044246	PXD044246	20220713_EXPL2_EVO3_AMV_60SPD_FAIMS-45_DIA_Prot_15k2s_CRC_2ndCohort_Sample22_02.raw	RAW	681710435	NOT_DOWNLOADED_RAW
PXD044246	PXD044246	20220713_EXPL2_EVO3_AMV_60SPD_FAIMS-45_DIA_Prot_15k2s_CRC_2ndCohort_Sample28_01.raw	RAW	744203415	NOT_DOWNLOADED_RAW
PXD044246	PXD044246	20220713_EXPL2_EVO3_AMV_60SPD_FAIMS-45_DIA_Prot_15k2s_CRC_2ndCohort_Sample28_02.raw	RAW	665675539	NOT_DOWNLOADED_RAW
PXD044246	PXD044246	20220713_EXPL2_EVO3_AMV_60SPD_FAIMS-45_DIA_Prot_15k2s_CRC_2ndCohort_Sample33_01.raw	RAW	480651291	NOT_DOWNLOADED_RAW
PXD044246	PXD044246	20220713_EXPL2_EVO3_AMV_60SPD_FAIMS-45_DIA_Prot_15k2s_CRC_2ndCohort_Sample33_02.raw	RAW	473136623	NOT_DOWNLOADED_RAW
PXD044246	PXD044246	20220713_EXPL2_EVO3_AMV_60SPD_FAIMS-45_DIA_Prot_15k2s_CRC_2ndCohort_Sample35_02.raw	RAW	970453889	NOT_DOWNLOADED_RAW
PXD044246	PXD044246	20220713_EXPL2_EVO3_AMV_60SPD_FAIMS-45_DIA_Prot_15k2s_CRC_2ndCohort_Sample35_03.raw	RAW	844345675	NOT_DOWNLOADED_RAW
PXD044246	PXD044246	20220713_EXPL2_EVO3_AMV_60SPD_FAIMS-45_DIA_Prot_15k2s_CRC_2ndCohort_Sample37_01.raw	RAW	782600629	NOT_DOWNLOADED_RAW
PXD044246	PXD044246	20220713_EXPL2_EVO3_AMV_60SPD_FAIMS-45_DIA_Prot_15k2s_CRC_2ndCohort_Sample37_02.raw	RAW	801457453	NOT_DOWNLOADED_RAW
PXD044246	PXD044246	20220713_EXPL2_EVO3_AMV_60SPD_FAIMS-45_DIA_Prot_15k2s_CRC_2ndCohort_Sample38_01.raw	RAW	328970197	NOT_DOWNLOADED_RAW
PXD044246	PXD044246	20220713_EXPL2_EVO3_AMV_60SPD_FAIMS-45_DIA_Prot_15k2s_CRC_2ndCohort_Sample38_02.raw	RAW	375682697	NOT_DOWNLOADED_RAW
PXD044246	PXD044246	20220713_EXPL2_EVO3_AMV_60SPD_FAIMS-45_DIA_Prot_15k2s_CRC_2ndCohort_Sample3_01.raw	RAW	738681021	NOT_DOWNLOADED_RAW
PXD044246	PXD044246	20220713_EXPL2_EVO3_AMV_60SPD_FAIMS-45_DIA_Prot_15k2s_CRC_2ndCohort_Sample3_02.raw	RAW	614663937	NOT_DOWNLOADED_RAW
PXD044246	PXD044246	20220713_EXPL2_EVO3_AMV_60SPD_FAIMS-45_DIA_Prot_15k2s_CRC_2ndCohort_Sample40_01.raw	RAW	891268905	NOT_DOWNLOADED_RAW
PXD044246	PXD044246	20220713_EXPL2_EVO3_AMV_60SPD_FAIMS-45_DIA_Prot_15k2s_CRC_2ndCohort_Sample40_02.raw	RAW	851928881	NOT_DOWNLOADED_RAW
PXD044246	PXD044246	20220713_EXPL2_EVO3_AMV_60SPD_FAIMS-45_DIA_Prot_15k2s_CRC_2ndCohort_Sample42_01.raw	RAW	358630645	NOT_DOWNLOADED_RAW
PXD044246	PXD044246	20220713_EXPL2_EVO3_AMV_60SPD_FAIMS-45_DIA_Prot_15k2s_CRC_2ndCohort_Sample42_02.raw	RAW	339057513	NOT_DOWNLOADED_RAW
PXD044246	PXD044246	20220713_EXPL2_EVO3_AMV_60SPD_FAIMS-45_DIA_Prot_15k2s_CRC_2ndCohort_Sample44_01.raw	RAW	687965813	NOT_DOWNLOADED_RAW
PXD044246	PXD044246	20220713_EXPL2_EVO3_AMV_60SPD_FAIMS-45_DIA_Prot_15k2s_CRC_2ndCohort_Sample44_02.raw	RAW	680026241	NOT_DOWNLOADED_RAW
PXD044246	PXD044246	20220713_EXPL2_EVO3_AMV_60SPD_FAIMS-45_DIA_Prot_15k2s_CRC_2ndCohort_Sample48_02.raw	RAW	818823633	NOT_DOWNLOADED_RAW
PXD044246	PXD044246	20220713_EXPL2_EVO3_AMV_60SPD_FAIMS-45_DIA_Prot_15k2s_CRC_2ndCohort_Sample48_03.raw	RAW	842792439	NOT_DOWNLOADED_RAW
PXD044246	PXD044246	20220713_EXPL2_EVO3_AMV_60SPD_FAIMS-45_DIA_Prot_15k2s_CRC_2ndCohort_Sample50_01.raw	RAW	463842957	NOT_DOWNLOADED_RAW
PXD044246	PXD044246	20220713_EXPL2_EVO3_AMV_60SPD_FAIMS-45_DIA_Prot_15k2s_CRC_2ndCohort_Sample50_02.raw	RAW	695166425	NOT_DOWNLOADED_RAW
PXD044246	PXD044246	20220713_EXPL2_EVO3_AMV_60SPD_FAIMS-45_DIA_Prot_15k2s_CRC_2ndCohort_Sample53_01.raw	RAW	615974889	NOT_DOWNLOADED_RAW
PXD044246	PXD044246	20220713_EXPL2_EVO3_AMV_60SPD_FAIMS-45_DIA_Prot_15k2s_CRC_2ndCohort_Sample53_03.raw	RAW	720864291	NOT_DOWNLOADED_RAW
PXD044246	PXD044246	20220713_EXPL2_EVO3_AMV_60SPD_FAIMS-45_DIA_Prot_15k2s_CRC_2ndCohort_Sample54_01.raw	RAW	695604211	NOT_DOWNLOADED_RAW
PXD044246	PXD044246	20220713_EXPL2_EVO3_AMV_60SPD_FAIMS-45_DIA_Prot_15k2s_CRC_2ndCohort_Sample54_02.raw	RAW	768918993	NOT_DOWNLOADED_RAW
PXD044246	PXD044246	20220713_EXPL2_EVO3_AMV_60SPD_FAIMS-45_DIA_Prot_15k2s_CRC_2ndCohort_Sample56_01.raw	RAW	544944673	NOT_DOWNLOADED_RAW
PXD044246	PXD044246	20220713_EXPL2_EVO3_AMV_60SPD_FAIMS-45_DIA_Prot_15k2s_CRC_2ndCohort_Sample56_02.raw	RAW	631375297	NOT_DOWNLOADED_RAW
PXD044246	PXD044246	20220713_EXPL2_EVO3_AMV_60SPD_FAIMS-45_DIA_Prot_15k2s_CRC_2ndCohort_Sample73_01.raw	RAW	654890181	NOT_DOWNLOADED_RAW
PXD044246	PXD044246	20220713_EXPL2_EVO3_AMV_60SPD_FAIMS-45_DIA_Prot_15k2s_CRC_2ndCohort_Sample73_02.raw	RAW	583473085	NOT_DOWNLOADED_RAW
PXD044246	PXD044246	20220713_EXPL2_EVO3_AMV_60SPD_FAIMS-45_DIA_Prot_15k2s_CRC_2ndCohort_Sample75_01.raw	RAW	389519949	NOT_DOWNLOADED_RAW
PXD044246	PXD044246	20220713_EXPL2_EVO3_AMV_60SPD_FAIMS-45_DIA_Prot_15k2s_CRC_2ndCohort_Sample75_02.raw	RAW	400257453	NOT_DOWNLOADED_RAW
PXD044246	PXD044246	20220713_EXPL2_EVO3_AMV_60SPD_FAIMS-45_DIA_Prot_15k2s_CRC_2ndCohort_Sample79_01.raw	RAW	633782185	NOT_DOWNLOADED_RAW
PXD044246	PXD044246	20220713_EXPL2_EVO3_AMV_60SPD_FAIMS-45_DIA_Prot_15k2s_CRC_2ndCohort_Sample79_02.raw	RAW	672721869	NOT_DOWNLOADED_RAW
PXD044246	PXD044246	20220713_EXPL2_EVO3_AMV_60SPD_FAIMS-45_DIA_Prot_15k2s_CRC_2ndCohort_Sample80_01.raw	RAW	502327433	NOT_DOWNLOADED_RAW
PXD044246	PXD044246	20220713_EXPL2_EVO3_AMV_60SPD_FAIMS-45_DIA_Prot_15k2s_CRC_2ndCohort_Sample80_02.raw	RAW	595217041	NOT_DOWNLOADED_RAW
PXD044246	PXD044246	20220713_EXPL2_EVO3_AMV_60SPD_FAIMS-45_DIA_Prot_15k2s_CRC_2ndCohort_Sample83_01.raw	RAW	318177871	NOT_DOWNLOADED_RAW
PXD044246	PXD044246	20220713_EXPL2_EVO3_AMV_60SPD_FAIMS-45_DIA_Prot_15k2s_CRC_2ndCohort_Sample83_02.raw	RAW	395607573	NOT_DOWNLOADED_RAW
PXD044246	PXD044246	20220713_EXPL2_EVO3_AMV_60SPD_FAIMS-45_DIA_Prot_15k2s_CRC_2ndCohort_Sample85_02.raw	RAW	511509661	NOT_DOWNLOADED_RAW
PXD044246	PXD044246	20220713_EXPL2_EVO3_AMV_60SPD_FAIMS-45_DIA_Prot_15k2s_CRC_2ndCohort_Sample85_03.raw	RAW	353567855	NOT_DOWNLOADED_RAW
PXD044246	PXD044246	20220713_EXPL2_EVO3_AMV_60SPD_FAIMS-45_DIA_Prot_15k2s_CRC_2ndCohort_Sample86_01.raw	RAW	411293667	NOT_DOWNLOADED_RAW
PXD044246	PXD044246	20220713_EXPL2_EVO3_AMV_60SPD_FAIMS-45_DIA_Prot_15k2s_CRC_2ndCohort_Sample86_02.raw	RAW	435041437	NOT_DOWNLOADED_RAW
PXD044246	PXD044246	20220713_EXPL2_EVO3_AMV_60SPD_FAIMS-45_DIA_Prot_15k2s_CRC_2ndCohort_Sample90_01.raw	RAW	381199165	NOT_DOWNLOADED_RAW
PXD044246	PXD044246	20220713_EXPL2_EVO3_AMV_60SPD_FAIMS-45_DIA_Prot_15k2s_CRC_2ndCohort_Sample90_02.raw	RAW	419034349	NOT_DOWNLOADED_RAW
PXD044246	PXD044246	20220713_EXPL2_EVO3_AMV_60SPD_FAIMS-45_DIA_Prot_15k2s_CRC_2ndCohort_Sample98_02.raw	RAW	431047233	NOT_DOWNLOADED_RAW
PXD044246	PXD044246	20220713_EXPL2_EVO3_AMV_60SPD_FAIMS-45_DIA_Prot_15k2s_CRC_2ndCohort_Sample98_03.raw	RAW	667936579	NOT_DOWNLOADED_RAW
PXD044246	PXD044246	20220723_210033_dDIA_SNv16_CRC_allsamples.sne	SEARCH	298136639635	NOT_DOWNLOADED_FILENAME_FILTER
PXD044246	PXD044246	20220730_133509_dDIA_SNv16_CRC_1stCOHORT.sne	SEARCH	258347801474	NOT_DOWNLOADED_FILENAME_FILTER
PXD044246	PXD044246	20220912_EXPL2_EVO5_AMV_SA_20SPD_hyDIA_Phos_30k1s_IonOpticks_ZrIMAC_CRC_Sample_01.htrms	OTHER	1786886882	NOT_DOWNLOADED_FILENAME_FILTER
PXD044246	PXD044246	20220912_EXPL2_EVO5_AMV_SA_20SPD_hyDIA_Phos_30k1s_IonOpticks_ZrIMAC_CRC_Sample_01.raw	RAW	2293026985	NOT_DOWNLOADED_RAW
PXD044246	PXD044246	20220912_EXPL2_EVO5_AMV_SA_20SPD_hyDIA_Phos_30k1s_IonOpticks_ZrIMAC_CRC_Sample_03.htrms	OTHER	1618844250	NOT_DOWNLOADED_FILENAME_FILTER
PXD044246	PXD044246	20220912_EXPL2_EVO5_AMV_SA_20SPD_hyDIA_Phos_30k1s_IonOpticks_ZrIMAC_CRC_Sample_03.raw	RAW	2105120259	NOT_DOWNLOADED_RAW
PXD044246	PXD044246	20220912_EXPL2_EVO5_AMV_SA_20SPD_hyDIA_Phos_30k1s_IonOpticks_ZrIMAC_CRC_Sample_100.htrms	OTHER	1660883074	NOT_DOWNLOADED_FILENAME_FILTER
PXD044246	PXD044246	20220912_EXPL2_EVO5_AMV_SA_20SPD_hyDIA_Phos_30k1s_IonOpticks_ZrIMAC_CRC_Sample_100.raw	RAW	2147328223	NOT_DOWNLOADED_RAW
PXD044246	PXD044246	20220912_EXPL2_EVO5_AMV_SA_20SPD_hyDIA_Phos_30k1s_IonOpticks_ZrIMAC_CRC_Sample_104.htrms	OTHER	1642251986	NOT_DOWNLOADED_FILENAME_FILTER
PXD044246	PXD044246	20220912_EXPL2_EVO5_AMV_SA_20SPD_hyDIA_Phos_30k1s_IonOpticks_ZrIMAC_CRC_Sample_104.raw	RAW	2130737077	NOT_DOWNLOADED_RAW
PXD044246	PXD044246	20220912_EXPL2_EVO5_AMV_SA_20SPD_hyDIA_Phos_30k1s_IonOpticks_ZrIMAC_CRC_Sample_106.htrms	OTHER	1593602584	NOT_DOWNLOADED_FILENAME_FILTER
PXD044246	PXD044246	20220912_EXPL2_EVO5_AMV_SA_20SPD_hyDIA_Phos_30k1s_IonOpticks_ZrIMAC_CRC_Sample_106.raw	RAW	2081211003	NOT_DOWNLOADED_RAW
PXD044246	PXD044246	20220912_EXPL2_EVO5_AMV_SA_20SPD_hyDIA_Phos_30k1s_IonOpticks_ZrIMAC_CRC_Sample_109.htrms	OTHER	1643294839	NOT_DOWNLOADED_FILENAME_FILTER
PXD044246	PXD044246	20220912_EXPL2_EVO5_AMV_SA_20SPD_hyDIA_Phos_30k1s_IonOpticks_ZrIMAC_CRC_Sample_109.raw	RAW	2131784745	NOT_DOWNLOADED_RAW
PXD044246	PXD044246	20220912_EXPL2_EVO5_AMV_SA_20SPD_hyDIA_Phos_30k1s_IonOpticks_ZrIMAC_CRC_Sample_112.htrms	OTHER	1731438931	NOT_DOWNLOADED_FILENAME_FILTER
PXD044246	PXD044246	20220912_EXPL2_EVO5_AMV_SA_20SPD_hyDIA_Phos_30k1s_IonOpticks_ZrIMAC_CRC_Sample_112.raw	RAW	2235966719	NOT_DOWNLOADED_RAW
PXD044246	PXD044246	20220912_EXPL2_EVO5_AMV_SA_20SPD_hyDIA_Phos_30k1s_IonOpticks_ZrIMAC_CRC_Sample_118.htrms	OTHER	1670397348	NOT_DOWNLOADED_FILENAME_FILTER
PXD044246	PXD044246	20220912_EXPL2_EVO5_AMV_SA_20SPD_hyDIA_Phos_30k1s_IonOpticks_ZrIMAC_CRC_Sample_118.raw	RAW	2160888125	NOT_DOWNLOADED_RAW
PXD044246	PXD044246	20220912_EXPL2_EVO5_AMV_SA_20SPD_hyDIA_Phos_30k1s_IonOpticks_ZrIMAC_CRC_Sample_125.htrms	OTHER	1660554799	NOT_DOWNLOADED_FILENAME_FILTER
PXD044246	PXD044246	20220912_EXPL2_EVO5_AMV_SA_20SPD_hyDIA_Phos_30k1s_IonOpticks_ZrIMAC_CRC_Sample_125.raw	RAW	2155095827	NOT_DOWNLOADED_RAW
PXD044246	PXD044246	20220912_EXPL2_EVO5_AMV_SA_20SPD_hyDIA_Phos_30k1s_IonOpticks_ZrIMAC_CRC_Sample_127.htrms	OTHER	1565726303	NOT_DOWNLOADED_FILENAME_FILTER
PXD044246	PXD044246	20220912_EXPL2_EVO5_AMV_SA_20SPD_hyDIA_Phos_30k1s_IonOpticks_ZrIMAC_CRC_Sample_127.raw	RAW	2043875829	NOT_DOWNLOADED_RAW
PXD044246	PXD044246	20220912_EXPL2_EVO5_AMV_SA_20SPD_hyDIA_Phos_30k1s_IonOpticks_ZrIMAC_CRC_Sample_129.htrms	OTHER	1645633888	NOT_DOWNLOADED_FILENAME_FILTER
PXD044246	PXD044246	20220912_EXPL2_EVO5_AMV_SA_20SPD_hyDIA_Phos_30k1s_IonOpticks_ZrIMAC_CRC_Sample_129.raw	RAW	2126533797	NOT_DOWNLOADED_RAW
PXD044246	PXD044246	20220912_EXPL2_EVO5_AMV_SA_20SPD_hyDIA_Phos_30k1s_IonOpticks_ZrIMAC_CRC_Sample_132.htrms	OTHER	1710058624	NOT_DOWNLOADED_FILENAME_FILTER
PXD044246	PXD044246	20220912_EXPL2_EVO5_AMV_SA_20SPD_hyDIA_Phos_30k1s_IonOpticks_ZrIMAC_CRC_Sample_132.raw	RAW	2193495017	NOT_DOWNLOADED_RAW
PXD044246	PXD044246	20220912_EXPL2_EVO5_AMV_SA_20SPD_hyDIA_Phos_30k1s_IonOpticks_ZrIMAC_CRC_Sample_135.htrms	OTHER	1602884366	NOT_DOWNLOADED_FILENAME_FILTER
PXD044246	PXD044246	20220912_EXPL2_EVO5_AMV_SA_20SPD_hyDIA_Phos_30k1s_IonOpticks_ZrIMAC_CRC_Sample_135.raw	RAW	2087927317	NOT_DOWNLOADED_RAW
PXD044246	PXD044246	20220912_EXPL2_EVO5_AMV_SA_20SPD_hyDIA_Phos_30k1s_IonOpticks_ZrIMAC_CRC_Sample_136.htrms	OTHER	1571942983	NOT_DOWNLOADED_FILENAME_FILTER
PXD044246	PXD044246	20220912_EXPL2_EVO5_AMV_SA_20SPD_hyDIA_Phos_30k1s_IonOpticks_ZrIMAC_CRC_Sample_136.raw	RAW	2042476727	NOT_DOWNLOADED_RAW
PXD044246	PXD044246	20220912_EXPL2_EVO5_AMV_SA_20SPD_hyDIA_Phos_30k1s_IonOpticks_ZrIMAC_CRC_Sample_14.htrms	OTHER	1612565506	NOT_DOWNLOADED_FILENAME_FILTER
PXD044246	PXD044246	20220912_EXPL2_EVO5_AMV_SA_20SPD_hyDIA_Phos_30k1s_IonOpticks_ZrIMAC_CRC_Sample_14.raw	RAW	2093682885	NOT_DOWNLOADED_RAW
PXD044246	PXD044246	20220912_EXPL2_EVO5_AMV_SA_20SPD_hyDIA_Phos_30k1s_IonOpticks_ZrIMAC_CRC_Sample_142.htrms	OTHER	1758964012	NOT_DOWNLOADED_FILENAME_FILTER
PXD044246	PXD044246	20220912_EXPL2_EVO5_AMV_SA_20SPD_hyDIA_Phos_30k1s_IonOpticks_ZrIMAC_CRC_Sample_142.raw	RAW	2254956187	NOT_DOWNLOADED_RAW
PXD044246	PXD044246	20220912_EXPL2_EVO5_AMV_SA_20SPD_hyDIA_Phos_30k1s_IonOpticks_ZrIMAC_CRC_Sample_147.htrms	OTHER	1569822208	NOT_DOWNLOADED_FILENAME_FILTER
PXD044246	PXD044246	20220912_EXPL2_EVO5_AMV_SA_20SPD_hyDIA_Phos_30k1s_IonOpticks_ZrIMAC_CRC_Sample_147.raw	RAW	2047723561	NOT_DOWNLOADED_RAW
PXD044246	PXD044246	20220912_EXPL2_EVO5_AMV_SA_20SPD_hyDIA_Phos_30k1s_IonOpticks_ZrIMAC_CRC_Sample_152.htrms	OTHER	1653021637	NOT_DOWNLOADED_FILENAME_FILTER
PXD044246	PXD044246	20220912_EXPL2_EVO5_AMV_SA_20SPD_hyDIA_Phos_30k1s_IonOpticks_ZrIMAC_CRC_Sample_152.raw	RAW	2144014481	NOT_DOWNLOADED_RAW
PXD044246	PXD044246	20220912_EXPL2_EVO5_AMV_SA_20SPD_hyDIA_Phos_30k1s_IonOpticks_ZrIMAC_CRC_Sample_155.htrms	OTHER	1589939328	NOT_DOWNLOADED_FILENAME_FILTER
PXD044246	PXD044246	20220912_EXPL2_EVO5_AMV_SA_20SPD_hyDIA_Phos_30k1s_IonOpticks_ZrIMAC_CRC_Sample_155.raw	RAW	2073166445	NOT_DOWNLOADED_RAW
PXD044246	PXD044246	20220912_EXPL2_EVO5_AMV_SA_20SPD_hyDIA_Phos_30k1s_IonOpticks_ZrIMAC_CRC_Sample_160.htrms	OTHER	1577869158	NOT_DOWNLOADED_FILENAME_FILTER
PXD044246	PXD044246	20220912_EXPL2_EVO5_AMV_SA_20SPD_hyDIA_Phos_30k1s_IonOpticks_ZrIMAC_CRC_Sample_160.raw	RAW	2054692371	NOT_DOWNLOADED_RAW
PXD044246	PXD044246	20220912_EXPL2_EVO5_AMV_SA_20SPD_hyDIA_Phos_30k1s_IonOpticks_ZrIMAC_CRC_Sample_161.htrms	OTHER	1634158826	NOT_DOWNLOADED_FILENAME_FILTER
PXD044246	PXD044246	20220912_EXPL2_EVO5_AMV_SA_20SPD_hyDIA_Phos_30k1s_IonOpticks_ZrIMAC_CRC_Sample_161.raw	RAW	2111986621	NOT_DOWNLOADED_RAW
PXD044246	PXD044246	20220912_EXPL2_EVO5_AMV_SA_20SPD_hyDIA_Phos_30k1s_IonOpticks_ZrIMAC_CRC_Sample_164.htrms	OTHER	1646958738	NOT_DOWNLOADED_FILENAME_FILTER
PXD044246	PXD044246	20220912_EXPL2_EVO5_AMV_SA_20SPD_hyDIA_Phos_30k1s_IonOpticks_ZrIMAC_CRC_Sample_164.raw	RAW	2130066025	NOT_DOWNLOADED_RAW
PXD044246	PXD044246	20220912_EXPL2_EVO5_AMV_SA_20SPD_hyDIA_Phos_30k1s_IonOpticks_ZrIMAC_CRC_Sample_167.htrms	OTHER	1551191929	NOT_DOWNLOADED_FILENAME_FILTER
PXD044246	PXD044246	20220912_EXPL2_EVO5_AMV_SA_20SPD_hyDIA_Phos_30k1s_IonOpticks_ZrIMAC_CRC_Sample_167.raw	RAW	2019420623	NOT_DOWNLOADED_RAW
PXD044246	PXD044246	20220912_EXPL2_EVO5_AMV_SA_20SPD_hyDIA_Phos_30k1s_IonOpticks_ZrIMAC_CRC_Sample_169.htrms	OTHER	1739816323	NOT_DOWNLOADED_FILENAME_FILTER
PXD044246	PXD044246	20220912_EXPL2_EVO5_AMV_SA_20SPD_hyDIA_Phos_30k1s_IonOpticks_ZrIMAC_CRC_Sample_169.raw	RAW	2238365835	NOT_DOWNLOADED_RAW
PXD044246	PXD044246	20220912_EXPL2_EVO5_AMV_SA_20SPD_hyDIA_Phos_30k1s_IonOpticks_ZrIMAC_CRC_Sample_171.htrms	OTHER	1601662676	NOT_DOWNLOADED_FILENAME_FILTER
PXD044246	PXD044246	20220912_EXPL2_EVO5_AMV_SA_20SPD_hyDIA_Phos_30k1s_IonOpticks_ZrIMAC_CRC_Sample_171.raw	RAW	2081041349	NOT_DOWNLOADED_RAW
PXD044246	PXD044246	20220912_EXPL2_EVO5_AMV_SA_20SPD_hyDIA_Phos_30k1s_IonOpticks_ZrIMAC_CRC_Sample_172.htrms	OTHER	1690560335	NOT_DOWNLOADED_FILENAME_FILTER
PXD044246	PXD044246	20220912_EXPL2_EVO5_AMV_SA_20SPD_hyDIA_Phos_30k1s_IonOpticks_ZrIMAC_CRC_Sample_172.raw	RAW	2186984493	NOT_DOWNLOADED_RAW
PXD044246	PXD044246	20220912_EXPL2_EVO5_AMV_SA_20SPD_hyDIA_Phos_30k1s_IonOpticks_ZrIMAC_CRC_Sample_176.htrms	OTHER	1749310346	NOT_DOWNLOADED_FILENAME_FILTER
PXD044246	PXD044246	20220912_EXPL2_EVO5_AMV_SA_20SPD_hyDIA_Phos_30k1s_IonOpticks_ZrIMAC_CRC_Sample_176.raw	RAW	2249240875	NOT_DOWNLOADED_RAW
PXD044246	PXD044246	20220912_EXPL2_EVO5_AMV_SA_20SPD_hyDIA_Phos_30k1s_IonOpticks_ZrIMAC_CRC_Sample_179.htrms	OTHER	1551474732	NOT_DOWNLOADED_FILENAME_FILTER
PXD044246	PXD044246	20220912_EXPL2_EVO5_AMV_SA_20SPD_hyDIA_Phos_30k1s_IonOpticks_ZrIMAC_CRC_Sample_179.raw	RAW	2022384421	NOT_DOWNLOADED_RAW
PXD044246	PXD044246	20220912_EXPL2_EVO5_AMV_SA_20SPD_hyDIA_Phos_30k1s_IonOpticks_ZrIMAC_CRC_Sample_18.htrms	OTHER	1636084894	NOT_DOWNLOADED_FILENAME_FILTER
PXD044246	PXD044246	20220912_EXPL2_EVO5_AMV_SA_20SPD_hyDIA_Phos_30k1s_IonOpticks_ZrIMAC_CRC_Sample_18.raw	RAW	2122176467	NOT_DOWNLOADED_RAW
PXD044246	PXD044246	20220912_EXPL2_EVO5_AMV_SA_20SPD_hyDIA_Phos_30k1s_IonOpticks_ZrIMAC_CRC_Sample_180.htrms	OTHER	1585201836	NOT_DOWNLOADED_FILENAME_FILTER
PXD044246	PXD044246	20220912_EXPL2_EVO5_AMV_SA_20SPD_hyDIA_Phos_30k1s_IonOpticks_ZrIMAC_CRC_Sample_180.raw	RAW	2076180281	NOT_DOWNLOADED_RAW
PXD044246	PXD044246	20220912_EXPL2_EVO5_AMV_SA_20SPD_hyDIA_Phos_30k1s_IonOpticks_ZrIMAC_CRC_Sample_21.htrms	OTHER	1600618860	NOT_DOWNLOADED_FILENAME_FILTER
PXD044246	PXD044246	20220912_EXPL2_EVO5_AMV_SA_20SPD_hyDIA_Phos_30k1s_IonOpticks_ZrIMAC_CRC_Sample_21.raw	RAW	2079344525	NOT_DOWNLOADED_RAW
PXD044246	PXD044246	20220912_EXPL2_EVO5_AMV_SA_20SPD_hyDIA_Phos_30k1s_IonOpticks_ZrIMAC_CRC_Sample_22.htrms	OTHER	1669943980	NOT_DOWNLOADED_FILENAME_FILTER
PXD044246	PXD044246	20220912_EXPL2_EVO5_AMV_SA_20SPD_hyDIA_Phos_30k1s_IonOpticks_ZrIMAC_CRC_Sample_22.raw	RAW	2168198445	NOT_DOWNLOADED_RAW
PXD044246	PXD044246	20220912_EXPL2_EVO5_AMV_SA_20SPD_hyDIA_Phos_30k1s_IonOpticks_ZrIMAC_CRC_Sample_28.htrms	OTHER	1657951038	NOT_DOWNLOADED_FILENAME_FILTER
PXD044246	PXD044246	20220912_EXPL2_EVO5_AMV_SA_20SPD_hyDIA_Phos_30k1s_IonOpticks_ZrIMAC_CRC_Sample_28.raw	RAW	2154837801	NOT_DOWNLOADED_RAW
PXD044246	PXD044246	20220912_EXPL2_EVO5_AMV_SA_20SPD_hyDIA_Phos_30k1s_IonOpticks_ZrIMAC_CRC_Sample_33.htrms	OTHER	1646061508	NOT_DOWNLOADED_FILENAME_FILTER
PXD044246	PXD044246	20220912_EXPL2_EVO5_AMV_SA_20SPD_hyDIA_Phos_30k1s_IonOpticks_ZrIMAC_CRC_Sample_33.raw	RAW	2139027953	NOT_DOWNLOADED_RAW
PXD044246	PXD044246	20220912_EXPL2_EVO5_AMV_SA_20SPD_hyDIA_Phos_30k1s_IonOpticks_ZrIMAC_CRC_Sample_35.htrms	OTHER	1712359102	NOT_DOWNLOADED_FILENAME_FILTER
PXD044246	PXD044246	20220912_EXPL2_EVO5_AMV_SA_20SPD_hyDIA_Phos_30k1s_IonOpticks_ZrIMAC_CRC_Sample_35.raw	RAW	2217382059	NOT_DOWNLOADED_RAW
PXD044246	PXD044246	20220912_EXPL2_EVO5_AMV_SA_20SPD_hyDIA_Phos_30k1s_IonOpticks_ZrIMAC_CRC_Sample_37.htrms	OTHER	1741148728	NOT_DOWNLOADED_FILENAME_FILTER
PXD044246	PXD044246	20220912_EXPL2_EVO5_AMV_SA_20SPD_hyDIA_Phos_30k1s_IonOpticks_ZrIMAC_CRC_Sample_37.raw	RAW	2247502817	NOT_DOWNLOADED_RAW
PXD044246	PXD044246	20220912_EXPL2_EVO5_AMV_SA_20SPD_hyDIA_Phos_30k1s_IonOpticks_ZrIMAC_CRC_Sample_38.htrms	OTHER	1665995500	NOT_DOWNLOADED_FILENAME_FILTER
PXD044246	PXD044246	20220912_EXPL2_EVO5_AMV_SA_20SPD_hyDIA_Phos_30k1s_IonOpticks_ZrIMAC_CRC_Sample_38.raw	RAW	2152934955	NOT_DOWNLOADED_RAW
PXD044246	PXD044246	20220912_EXPL2_EVO5_AMV_SA_20SPD_hyDIA_Phos_30k1s_IonOpticks_ZrIMAC_CRC_Sample_40.htrms	OTHER	1710366387	NOT_DOWNLOADED_FILENAME_FILTER
PXD044246	PXD044246	20220912_EXPL2_EVO5_AMV_SA_20SPD_hyDIA_Phos_30k1s_IonOpticks_ZrIMAC_CRC_Sample_40.raw	RAW	2208111083	NOT_DOWNLOADED_RAW
PXD044246	PXD044246	20220912_EXPL2_EVO5_AMV_SA_20SPD_hyDIA_Phos_30k1s_IonOpticks_ZrIMAC_CRC_Sample_42.htrms	OTHER	1581038458	NOT_DOWNLOADED_FILENAME_FILTER
PXD044246	PXD044246	20220912_EXPL2_EVO5_AMV_SA_20SPD_hyDIA_Phos_30k1s_IonOpticks_ZrIMAC_CRC_Sample_42.raw	RAW	2058072979	NOT_DOWNLOADED_RAW
PXD044246	PXD044246	20220912_EXPL2_EVO5_AMV_SA_20SPD_hyDIA_Phos_30k1s_IonOpticks_ZrIMAC_CRC_Sample_44.htrms	OTHER	1636060232	NOT_DOWNLOADED_FILENAME_FILTER
PXD044246	PXD044246	20220912_EXPL2_EVO5_AMV_SA_20SPD_hyDIA_Phos_30k1s_IonOpticks_ZrIMAC_CRC_Sample_44.raw	RAW	2121072899	NOT_DOWNLOADED_RAW
PXD044246	PXD044246	20220912_EXPL2_EVO5_AMV_SA_20SPD_hyDIA_Phos_30k1s_IonOpticks_ZrIMAC_CRC_Sample_48.htrms	OTHER	1681248853	NOT_DOWNLOADED_FILENAME_FILTER
PXD044246	PXD044246	20220912_EXPL2_EVO5_AMV_SA_20SPD_hyDIA_Phos_30k1s_IonOpticks_ZrIMAC_CRC_Sample_48.raw	RAW	2176818389	NOT_DOWNLOADED_RAW
PXD044246	PXD044246	20220912_EXPL2_EVO5_AMV_SA_20SPD_hyDIA_Phos_30k1s_IonOpticks_ZrIMAC_CRC_Sample_50.htrms	OTHER	1676667817	NOT_DOWNLOADED_FILENAME_FILTER
PXD044246	PXD044246	20220912_EXPL2_EVO5_AMV_SA_20SPD_hyDIA_Phos_30k1s_IonOpticks_ZrIMAC_CRC_Sample_50.raw	RAW	2165128857	NOT_DOWNLOADED_RAW
PXD044246	PXD044246	20220912_EXPL2_EVO5_AMV_SA_20SPD_hyDIA_Phos_30k1s_IonOpticks_ZrIMAC_CRC_Sample_53.htrms	OTHER	1633531647	NOT_DOWNLOADED_FILENAME_FILTER
PXD044246	PXD044246	20220912_EXPL2_EVO5_AMV_SA_20SPD_hyDIA_Phos_30k1s_IonOpticks_ZrIMAC_CRC_Sample_53.raw	RAW	2111161207	NOT_DOWNLOADED_RAW
PXD044246	PXD044246	20220912_EXPL2_EVO5_AMV_SA_20SPD_hyDIA_Phos_30k1s_IonOpticks_ZrIMAC_CRC_Sample_54.htrms	OTHER	1616012869	NOT_DOWNLOADED_FILENAME_FILTER
PXD044246	PXD044246	20220912_EXPL2_EVO5_AMV_SA_20SPD_hyDIA_Phos_30k1s_IonOpticks_ZrIMAC_CRC_Sample_54.raw	RAW	2097221987	NOT_DOWNLOADED_RAW
PXD044246	PXD044246	20220912_EXPL2_EVO5_AMV_SA_20SPD_hyDIA_Phos_30k1s_IonOpticks_ZrIMAC_CRC_Sample_56.htrms	OTHER	1597785388	NOT_DOWNLOADED_FILENAME_FILTER
PXD044246	PXD044246	20220912_EXPL2_EVO5_AMV_SA_20SPD_hyDIA_Phos_30k1s_IonOpticks_ZrIMAC_CRC_Sample_56.raw	RAW	2073071901	NOT_DOWNLOADED_RAW
PXD044246	PXD044246	20220912_EXPL2_EVO5_AMV_SA_20SPD_hyDIA_Phos_30k1s_IonOpticks_ZrIMAC_CRC_Sample_73.htrms	OTHER	1722912176	NOT_DOWNLOADED_FILENAME_FILTER
PXD044246	PXD044246	20220912_EXPL2_EVO5_AMV_SA_20SPD_hyDIA_Phos_30k1s_IonOpticks_ZrIMAC_CRC_Sample_73.raw	RAW	2221293973	NOT_DOWNLOADED_RAW
PXD044246	PXD044246	20220912_EXPL2_EVO5_AMV_SA_20SPD_hyDIA_Phos_30k1s_IonOpticks_ZrIMAC_CRC_Sample_75.htrms	OTHER	1640909872	NOT_DOWNLOADED_FILENAME_FILTER
PXD044246	PXD044246	20220912_EXPL2_EVO5_AMV_SA_20SPD_hyDIA_Phos_30k1s_IonOpticks_ZrIMAC_CRC_Sample_75.raw	RAW	2130652479	NOT_DOWNLOADED_RAW
PXD044246	PXD044246	20220912_EXPL2_EVO5_AMV_SA_20SPD_hyDIA_Phos_30k1s_IonOpticks_ZrIMAC_CRC_Sample_79.htrms	OTHER	1679180862	NOT_DOWNLOADED_FILENAME_FILTER
PXD044246	PXD044246	20220912_EXPL2_EVO5_AMV_SA_20SPD_hyDIA_Phos_30k1s_IonOpticks_ZrIMAC_CRC_Sample_79.raw	RAW	2160324371	NOT_DOWNLOADED_RAW
PXD044246	PXD044246	20220912_EXPL2_EVO5_AMV_SA_20SPD_hyDIA_Phos_30k1s_IonOpticks_ZrIMAC_CRC_Sample_80.htrms	OTHER	1630542823	NOT_DOWNLOADED_FILENAME_FILTER
PXD044246	PXD044246	20220912_EXPL2_EVO5_AMV_SA_20SPD_hyDIA_Phos_30k1s_IonOpticks_ZrIMAC_CRC_Sample_80.raw	RAW	2108682671	NOT_DOWNLOADED_RAW
PXD044246	PXD044246	20220912_EXPL2_EVO5_AMV_SA_20SPD_hyDIA_Phos_30k1s_IonOpticks_ZrIMAC_CRC_Sample_83.htrms	OTHER	1628494833	NOT_DOWNLOADED_FILENAME_FILTER
PXD044246	PXD044246	20220912_EXPL2_EVO5_AMV_SA_20SPD_hyDIA_Phos_30k1s_IonOpticks_ZrIMAC_CRC_Sample_83.raw	RAW	2105708589	NOT_DOWNLOADED_RAW
PXD044246	PXD044246	20220912_EXPL2_EVO5_AMV_SA_20SPD_hyDIA_Phos_30k1s_IonOpticks_ZrIMAC_CRC_Sample_85.htrms	OTHER	1618723616	NOT_DOWNLOADED_FILENAME_FILTER
PXD044246	PXD044246	20220912_EXPL2_EVO5_AMV_SA_20SPD_hyDIA_Phos_30k1s_IonOpticks_ZrIMAC_CRC_Sample_85.raw	RAW	2091296427	NOT_DOWNLOADED_RAW
PXD044246	PXD044246	20220912_EXPL2_EVO5_AMV_SA_20SPD_hyDIA_Phos_30k1s_IonOpticks_ZrIMAC_CRC_Sample_86.htrms	OTHER	1540575204	NOT_DOWNLOADED_FILENAME_FILTER
PXD044246	PXD044246	20220912_EXPL2_EVO5_AMV_SA_20SPD_hyDIA_Phos_30k1s_IonOpticks_ZrIMAC_CRC_Sample_86.raw	RAW	2008934341	NOT_DOWNLOADED_RAW
PXD044246	PXD044246	20220912_EXPL2_EVO5_AMV_SA_20SPD_hyDIA_Phos_30k1s_IonOpticks_ZrIMAC_CRC_Sample_90.htrms	OTHER	1538433000	NOT_DOWNLOADED_FILENAME_FILTER
PXD044246	PXD044246	20220912_EXPL2_EVO5_AMV_SA_20SPD_hyDIA_Phos_30k1s_IonOpticks_ZrIMAC_CRC_Sample_90.raw	RAW	2005344517	NOT_DOWNLOADED_RAW
PXD044246	PXD044246	20220912_EXPL2_EVO5_AMV_SA_20SPD_hyDIA_Phos_30k1s_IonOpticks_ZrIMAC_CRC_Sample_98.htrms	OTHER	1625903486	NOT_DOWNLOADED_FILENAME_FILTER
PXD044246	PXD044246	20220912_EXPL2_EVO5_AMV_SA_20SPD_hyDIA_Phos_30k1s_IonOpticks_ZrIMAC_CRC_Sample_98.raw	RAW	2107527903	NOT_DOWNLOADED_RAW
PXD044246	PXD044246	20230708_064402_SNv18_hybridDIA_CRCPhospho_htrms.sne	SEARCH	6343366269	NOT_DOWNLOADED_FILENAME_FILTER
PXD044246	PXD044246	CRC_hyDIA_ENDO_norm.txt	OTHER	33630	NOT_DOWNLOADED_FILENAME_FILTER
PXD044246	PXD044246	dDIA_SNv16_CRC_1stCOHORT_75vv_log2_4964PGs_707samples.txt	OTHER	27724704	NOT_DOWNLOADED_FILENAME_FILTER
PXD044246	PXD044246	dDIA_SNv16_CRC_1stCOHORT_Report_Protein_groups_raw.txt	OTHER	78430714	NOT_DOWNLOADED_FILENAME_FILTER
PXD048988	JPST002422	181129_CRLM_total_Set1_Fr01.raw	RAW	0	NOT_DOWNLOADED_RAW
PXD048988	JPST002422	181129_CRLM_total_Set1_Fr02.raw	RAW	0	NOT_DOWNLOADED_RAW
PXD048988	JPST002422	181129_CRLM_total_Set1_Fr03.raw	RAW	0	NOT_DOWNLOADED_RAW
PXD048988	JPST002422	181129_CRLM_total_Set1_Fr04.raw	RAW	0	NOT_DOWNLOADED_RAW
PXD048988	JPST002422	181129_CRLM_total_Set1_Fr05.raw	RAW	0	NOT_DOWNLOADED_RAW
PXD048988	JPST002422	181129_CRLM_total_Set1_Fr06.raw	RAW	0	NOT_DOWNLOADED_RAW
PXD048988	JPST002422	181129_CRLM_total_Set1_Fr07.raw	RAW	0	NOT_DOWNLOADED_RAW
PXD048988	JPST002422	181130_CRLM_total_Set2_Fr01.raw	RAW	0	NOT_DOWNLOADED_RAW
PXD048988	JPST002422	181130_CRLM_total_Set2_Fr02.raw	RAW	0	NOT_DOWNLOADED_RAW
PXD048988	JPST002422	181130_CRLM_total_Set2_Fr03.raw	RAW	0	NOT_DOWNLOADED_RAW
PXD048988	JPST002422	181130_CRLM_total_Set2_Fr04.raw	RAW	0	NOT_DOWNLOADED_RAW
PXD048988	JPST002422	181130_CRLM_total_Set2_Fr05.raw	RAW	0	NOT_DOWNLOADED_RAW
PXD048988	JPST002422	181130_CRLM_total_Set2_Fr06.raw	RAW	0	NOT_DOWNLOADED_RAW
PXD048988	JPST002422	181130_CRLM_total_Set2_Fr07.raw	RAW	0	NOT_DOWNLOADED_RAW
PXD048988	JPST002422	181201_CRLM_total_Set3_Fr01.raw	RAW	0	NOT_DOWNLOADED_RAW
PXD048988	JPST002422	181201_CRLM_total_Set3_Fr02.raw	RAW	0	NOT_DOWNLOADED_RAW
PXD048988	JPST002422	181201_CRLM_total_Set3_Fr03.raw	RAW	0	NOT_DOWNLOADED_RAW
PXD048988	JPST002422	181201_CRLM_total_Set3_Fr04.raw	RAW	0	NOT_DOWNLOADED_RAW
PXD048988	JPST002422	181201_CRLM_total_Set3_Fr05.raw	RAW	0	NOT_DOWNLOADED_RAW
PXD048988	JPST002422	181201_CRLM_total_Set3_Fr06.raw	RAW	0	NOT_DOWNLOADED_RAW
PXD048988	JPST002422	181201_CRLM_total_Set3_Fr07.raw	RAW	0	NOT_DOWNLOADED_RAW
PXD048988	JPST002422	181202_CRLM_total_Set4_Fr01.raw	RAW	0	NOT_DOWNLOADED_RAW
PXD048988	JPST002422	181202_CRLM_total_Set4_Fr02.raw	RAW	0	NOT_DOWNLOADED_RAW
PXD048988	JPST002422	181202_CRLM_total_Set4_Fr03.raw	RAW	0	NOT_DOWNLOADED_RAW
PXD048988	JPST002422	181202_CRLM_total_Set4_Fr04.raw	RAW	0	NOT_DOWNLOADED_RAW
PXD048988	JPST002422	181205_CRLM_total_Set5_Fr01.raw	RAW	0	NOT_DOWNLOADED_RAW
PXD048988	JPST002422	181205_CRLM_total_Set5_Fr02.raw	RAW	0	NOT_DOWNLOADED_RAW
PXD048988	JPST002422	181205_CRLM_total_Set5_Fr03.raw	RAW	0	NOT_DOWNLOADED_RAW
PXD048988	JPST002422	181205_CRLM_total_Set5_Fr04.raw	RAW	0	NOT_DOWNLOADED_RAW
PXD048988	JPST002422	181205_CRLM_total_Set5_Fr05.raw	RAW	0	NOT_DOWNLOADED_RAW
PXD048988	JPST002422	181205_CRLM_total_Set5_Fr06.raw	RAW	0	NOT_DOWNLOADED_RAW
PXD048988	JPST002422	181205_CRLM_total_Set5_Fr07.raw	RAW	0	NOT_DOWNLOADED_RAW
PXD048988	JPST002422	181205_CRLM_total_Set6_Fr01.raw	RAW	0	NOT_DOWNLOADED_RAW
PXD048988	JPST002422	181205_CRLM_total_Set6_Fr02.raw	RAW	0	NOT_DOWNLOADED_RAW
PXD048988	JPST002422	181205_CRLM_total_Set6_Fr03.raw	RAW	0	NOT_DOWNLOADED_RAW
PXD048988	JPST002422	181205_CRLM_total_Set6_Fr04.raw	RAW	0	NOT_DOWNLOADED_RAW
PXD048988	JPST002422	181205_CRLM_total_Set6_Fr05.raw	RAW	0	NOT_DOWNLOADED_RAW
PXD048988	JPST002422	181205_CRLM_total_Set6_Fr06.raw	RAW	0	NOT_DOWNLOADED_RAW
PXD048988	JPST002422	181205_CRLM_total_Set6_Fr07.raw	RAW	0	NOT_DOWNLOADED_RAW
PXD048988	JPST002422	181206_CRLM_total_Set7_Fr01.raw	RAW	0	NOT_DOWNLOADED_RAW
PXD048988	JPST002422	181206_CRLM_total_Set7_Fr02.raw	RAW	0	NOT_DOWNLOADED_RAW
PXD048988	JPST002422	181206_CRLM_total_Set7_Fr03.raw	RAW	0	NOT_DOWNLOADED_RAW
PXD048988	JPST002422	181206_CRLM_total_Set7_Fr04.raw	RAW	0	NOT_DOWNLOADED_RAW
PXD048988	JPST002422	181206_CRLM_total_Set7_Fr05.raw	RAW	0	NOT_DOWNLOADED_RAW
PXD048988	JPST002422	181206_CRLM_total_Set7_Fr06.raw	RAW	0	NOT_DOWNLOADED_RAW
PXD048988	JPST002422	181206_CRLM_total_Set7_Fr07.raw	RAW	0	NOT_DOWNLOADED_RAW
PXD048988	JPST002422	181208_CRLM_total_Set8_Fr01.raw	RAW	0	NOT_DOWNLOADED_RAW
PXD048988	JPST002422	181208_CRLM_total_Set8_Fr02.raw	RAW	0	NOT_DOWNLOADED_RAW
PXD048988	JPST002422	181208_CRLM_total_Set8_Fr03.raw	RAW	0	NOT_DOWNLOADED_RAW
PXD048988	JPST002422	181208_CRLM_total_Set8_Fr04.raw	RAW	0	NOT_DOWNLOADED_RAW
PXD048988	JPST002422	181208_CRLM_total_Set8_Fr05.raw	RAW	0	NOT_DOWNLOADED_RAW
PXD048988	JPST002422	181208_CRLM_total_Set8_Fr06.raw	RAW	0	NOT_DOWNLOADED_RAW
PXD048988	JPST002422	181208_CRLM_total_Set8_Fr07.raw	RAW	0	NOT_DOWNLOADED_RAW
PXD048988	JPST002422	181211_CRLM_total_Set9_Fr01.raw	RAW	0	NOT_DOWNLOADED_RAW
PXD048988	JPST002422	181211_CRLM_total_Set9_Fr02.raw	RAW	0	NOT_DOWNLOADED_RAW
PXD048988	JPST002422	181211_CRLM_total_Set9_Fr03.raw	RAW	0	NOT_DOWNLOADED_RAW
PXD048988	JPST002422	181211_CRLM_total_Set9_Fr04.raw	RAW	0	NOT_DOWNLOADED_RAW
PXD048988	JPST002422	181211_CRLM_total_Set9_Fr05.raw	RAW	0	NOT_DOWNLOADED_RAW
PXD048988	JPST002422	181211_CRLM_total_Set9_Fr06.raw	RAW	0	NOT_DOWNLOADED_RAW
PXD048988	JPST002422	181211_CRLM_total_Set9_Fr07.raw	RAW	0	NOT_DOWNLOADED_RAW
PXD048988	JPST002422	181212_CRLM_total_Set10_Fr01.raw	RAW	0	NOT_DOWNLOADED_RAW
PXD048988	JPST002422	181212_CRLM_total_Set10_Fr02.raw	RAW	0	NOT_DOWNLOADED_RAW
PXD048988	JPST002422	181212_CRLM_total_Set10_Fr03.raw	RAW	0	NOT_DOWNLOADED_RAW
PXD048988	JPST002422	181212_CRLM_total_Set10_Fr04.raw	RAW	0	NOT_DOWNLOADED_RAW
PXD048988	JPST002422	181212_CRLM_total_Set10_Fr05.raw	RAW	0	NOT_DOWNLOADED_RAW
PXD048988	JPST002422	181212_CRLM_total_Set10_Fr06.raw	RAW	0	NOT_DOWNLOADED_RAW
PXD048988	JPST002422	181212_CRLM_total_Set10_Fr07.raw	RAW	0	NOT_DOWNLOADED_RAW
PXD048988	JPST002422	181214_CRLM_total_Set11_Fr01.raw	RAW	0	NOT_DOWNLOADED_RAW
PXD048988	JPST002422	181214_CRLM_total_Set11_Fr02.raw	RAW	0	NOT_DOWNLOADED_RAW
PXD048988	JPST002422	181214_CRLM_total_Set11_Fr03.raw	RAW	0	NOT_DOWNLOADED_RAW
PXD048988	JPST002422	181214_CRLM_total_Set11_Fr04.raw	RAW	0	NOT_DOWNLOADED_RAW
PXD048988	JPST002422	181214_CRLM_total_Set11_Fr05.raw	RAW	0	NOT_DOWNLOADED_RAW
PXD048988	JPST002422	181214_CRLM_total_Set11_Fr06.raw	RAW	0	NOT_DOWNLOADED_RAW
PXD048988	JPST002422	181214_CRLM_total_Set11_Fr07.raw	RAW	0	NOT_DOWNLOADED_RAW
PXD048988	JPST002422	181215_CRLM_total_Set12_Fr01.raw	RAW	0	NOT_DOWNLOADED_RAW
PXD048988	JPST002422	181215_CRLM_total_Set12_Fr02.raw	RAW	0	NOT_DOWNLOADED_RAW
PXD048988	JPST002422	181215_CRLM_total_Set12_Fr03.raw	RAW	0	NOT_DOWNLOADED_RAW
PXD048988	JPST002422	181215_CRLM_total_Set12_Fr04.raw	RAW	0	NOT_DOWNLOADED_RAW
PXD048988	JPST002422	181215_CRLM_total_Set12_Fr05.raw	RAW	0	NOT_DOWNLOADED_RAW
PXD048988	JPST002422	181215_CRLM_total_Set12_Fr06.raw	RAW	0	NOT_DOWNLOADED_RAW
PXD048988	JPST002422	181215_CRLM_total_Set12_Fr07.raw	RAW	0	NOT_DOWNLOADED_RAW
PXD048988	JPST002422	181216_CRLM_total_Set4_Fr05.raw	RAW	0	NOT_DOWNLOADED_RAW
PXD048988	JPST002422	181216_CRLM_total_Set4_Fr06.raw	RAW	0	NOT_DOWNLOADED_RAW
PXD048988	JPST002422	181216_CRLM_total_Set4_Fr07.raw	RAW	0	NOT_DOWNLOADED_RAW
PXD048988	JPST002422	181218_pSTY_Set1_Fr01.raw	RAW	0	NOT_DOWNLOADED_RAW
PXD048988	JPST002422	181218_pSTY_Set1_Fr02.raw	RAW	0	NOT_DOWNLOADED_RAW
PXD048988	JPST002422	181218_pSTY_Set1_Fr03.raw	RAW	0	NOT_DOWNLOADED_RAW
PXD048988	JPST002422	181218_pSTY_Set1_Fr04.raw	RAW	0	NOT_DOWNLOADED_RAW
PXD048988	JPST002422	181218_pSTY_Set1_Fr05.raw	RAW	0	NOT_DOWNLOADED_RAW
PXD048988	JPST002422	181218_pSTY_Set1_Fr06.raw	RAW	0	NOT_DOWNLOADED_RAW
PXD048988	JPST002422	181218_pSTY_Set1_Fr07.raw	RAW	0	NOT_DOWNLOADED_RAW
PXD048988	JPST002422	181219_pSTY_Set2_Fr01.raw	RAW	0	NOT_DOWNLOADED_RAW
PXD048988	JPST002422	181219_pSTY_Set2_Fr02.raw	RAW	0	NOT_DOWNLOADED_RAW
PXD048988	JPST002422	181219_pSTY_Set2_Fr03.raw	RAW	0	NOT_DOWNLOADED_RAW
PXD048988	JPST002422	181219_pSTY_Set2_Fr04.raw	RAW	0	NOT_DOWNLOADED_RAW
PXD048988	JPST002422	181219_pSTY_Set2_Fr05.raw	RAW	0	NOT_DOWNLOADED_RAW
PXD048988	JPST002422	181219_pSTY_Set2_Fr06.raw	RAW	0	NOT_DOWNLOADED_RAW
PXD048988	JPST002422	181219_pSTY_Set2_Fr07.raw	RAW	0	NOT_DOWNLOADED_RAW
PXD048988	JPST002422	181220_pSTY_Set3_Fr01.raw	RAW	0	NOT_DOWNLOADED_RAW
PXD048988	JPST002422	181220_pSTY_Set3_Fr02.raw	RAW	0	NOT_DOWNLOADED_RAW
PXD048988	JPST002422	181220_pSTY_Set3_Fr03.raw	RAW	0	NOT_DOWNLOADED_RAW
PXD048988	JPST002422	181220_pSTY_Set3_Fr04.raw	RAW	0	NOT_DOWNLOADED_RAW
PXD048988	JPST002422	181220_pSTY_Set3_Fr05.raw	RAW	0	NOT_DOWNLOADED_RAW
PXD048988	JPST002422	181220_pSTY_Set3_Fr06.raw	RAW	0	NOT_DOWNLOADED_RAW
PXD048988	JPST002422	181220_pSTY_Set3_Fr07.raw	RAW	0	NOT_DOWNLOADED_RAW
PXD048988	JPST002422	181221_pSTY_Set4_Fr01.raw	RAW	0	NOT_DOWNLOADED_RAW
PXD048988	JPST002422	181221_pSTY_Set4_Fr02.raw	RAW	0	NOT_DOWNLOADED_RAW
PXD048988	JPST002422	181221_pSTY_Set4_Fr03.raw	RAW	0	NOT_DOWNLOADED_RAW
PXD048988	JPST002422	181221_pSTY_Set4_Fr04.raw	RAW	0	NOT_DOWNLOADED_RAW
PXD048988	JPST002422	181221_pSTY_Set4_Fr05.raw	RAW	0	NOT_DOWNLOADED_RAW
PXD048988	JPST002422	181221_pSTY_Set4_Fr06.raw	RAW	0	NOT_DOWNLOADED_RAW
PXD048988	JPST002422	181221_pSTY_Set4_Fr07.raw	RAW	0	NOT_DOWNLOADED_RAW
PXD048988	JPST002422	181227_pSTY_Set5_Fr01.raw	RAW	0	NOT_DOWNLOADED_RAW
PXD048988	JPST002422	181227_pSTY_Set5_Fr02.raw	RAW	0	NOT_DOWNLOADED_RAW
PXD048988	JPST002422	181227_pSTY_Set5_Fr03.raw	RAW	0	NOT_DOWNLOADED_RAW
PXD048988	JPST002422	181227_pSTY_Set5_Fr04.raw	RAW	0	NOT_DOWNLOADED_RAW
PXD048988	JPST002422	181227_pSTY_Set5_Fr05.raw	RAW	0	NOT_DOWNLOADED_RAW
PXD048988	JPST002422	181227_pSTY_Set5_Fr06.raw	RAW	0	NOT_DOWNLOADED_RAW
PXD048988	JPST002422	181227_pSTY_Set5_Fr07.raw	RAW	0	NOT_DOWNLOADED_RAW
PXD048988	JPST002422	190110_pSTY_Set7_Fr01.raw	RAW	0	NOT_DOWNLOADED_RAW
PXD048988	JPST002422	190110_pSTY_Set7_Fr02.raw	RAW	0	NOT_DOWNLOADED_RAW
PXD048988	JPST002422	190110_pSTY_Set7_Fr03.raw	RAW	0	NOT_DOWNLOADED_RAW
PXD048988	JPST002422	190110_pSTY_Set7_Fr04.raw	RAW	0	NOT_DOWNLOADED_RAW
PXD048988	JPST002422	190110_pSTY_Set7_Fr05.raw	RAW	0	NOT_DOWNLOADED_RAW
PXD048988	JPST002422	190110_pSTY_Set7_Fr06.raw	RAW	0	NOT_DOWNLOADED_RAW
PXD048988	JPST002422	190110_pSTY_Set7_Fr07.raw	RAW	0	NOT_DOWNLOADED_RAW
PXD048988	JPST002422	190111_pSTY_Set8_Fr01.raw	RAW	0	NOT_DOWNLOADED_RAW
PXD048988	JPST002422	190111_pSTY_Set8_Fr02.raw	RAW	0	NOT_DOWNLOADED_RAW
PXD048988	JPST002422	190111_pSTY_Set8_Fr03.raw	RAW	0	NOT_DOWNLOADED_RAW
PXD048988	JPST002422	190111_pSTY_Set8_Fr04.raw	RAW	0	NOT_DOWNLOADED_RAW
PXD048988	JPST002422	190111_pSTY_Set8_Fr05.raw	RAW	0	NOT_DOWNLOADED_RAW
PXD048988	JPST002422	190111_pSTY_Set8_Fr06.raw	RAW	0	NOT_DOWNLOADED_RAW
PXD048988	JPST002422	190111_pSTY_Set8_Fr07.raw	RAW	0	NOT_DOWNLOADED_RAW
PXD048988	JPST002422	190114_pSTY_Set09_Fr1.raw	RAW	0	NOT_DOWNLOADED_RAW
PXD048988	JPST002422	190114_pSTY_Set09_Fr2.raw	RAW	0	NOT_DOWNLOADED_RAW
PXD048988	JPST002422	190114_pSTY_Set09_Fr3.raw	RAW	0	NOT_DOWNLOADED_RAW
PXD048988	JPST002422	190114_pSTY_Set09_Fr4.raw	RAW	0	NOT_DOWNLOADED_RAW
PXD048988	JPST002422	190114_pSTY_Set09_Fr5.raw	RAW	0	NOT_DOWNLOADED_RAW
PXD048988	JPST002422	190114_pSTY_Set09_Fr6.raw	RAW	0	NOT_DOWNLOADED_RAW
PXD048988	JPST002422	190114_pSTY_Set09_Fr7.raw	RAW	0	NOT_DOWNLOADED_RAW
PXD048988	JPST002422	190115_pSTY_Set10_Fr1.raw	RAW	0	NOT_DOWNLOADED_RAW
PXD048988	JPST002422	190115_pSTY_Set10_Fr2.raw	RAW	0	NOT_DOWNLOADED_RAW
PXD048988	JPST002422	190115_pSTY_Set10_Fr3.raw	RAW	0	NOT_DOWNLOADED_RAW
PXD048988	JPST002422	190115_pSTY_Set10_Fr4.raw	RAW	0	NOT_DOWNLOADED_RAW
PXD048988	JPST002422	190115_pSTY_Set10_Fr5.raw	RAW	0	NOT_DOWNLOADED_RAW
PXD048988	JPST002422	190115_pSTY_Set10_Fr6.raw	RAW	0	NOT_DOWNLOADED_RAW
PXD048988	JPST002422	190115_pSTY_Set10_Fr7.raw	RAW	0	NOT_DOWNLOADED_RAW
PXD048988	JPST002422	190116_pSTY_Set11_Fr1.raw	RAW	0	NOT_DOWNLOADED_RAW
PXD048988	JPST002422	190116_pSTY_Set11_Fr2.raw	RAW	0	NOT_DOWNLOADED_RAW
PXD048988	JPST002422	190116_pSTY_Set11_Fr3.raw	RAW	0	NOT_DOWNLOADED_RAW
PXD048988	JPST002422	190116_pSTY_Set11_Fr4.raw	RAW	0	NOT_DOWNLOADED_RAW
PXD048988	JPST002422	190116_pSTY_Set11_Fr5.raw	RAW	0	NOT_DOWNLOADED_RAW
PXD048988	JPST002422	190116_pSTY_Set11_Fr6.raw	RAW	0	NOT_DOWNLOADED_RAW
PXD048988	JPST002422	190116_pSTY_Set11_Fr7.raw	RAW	0	NOT_DOWNLOADED_RAW
PXD048988	JPST002422	190118_pSTY_Set12_Fr1.raw	RAW	0	NOT_DOWNLOADED_RAW
PXD048988	JPST002422	190118_pSTY_Set12_Fr2.raw	RAW	0	NOT_DOWNLOADED_RAW
PXD048988	JPST002422	190118_pSTY_Set12_Fr3.raw	RAW	0	NOT_DOWNLOADED_RAW
PXD048988	JPST002422	190118_pSTY_Set12_Fr4.raw	RAW	0	NOT_DOWNLOADED_RAW
PXD048988	JPST002422	190118_pSTY_Set12_Fr5.raw	RAW	0	NOT_DOWNLOADED_RAW
PXD048988	JPST002422	190118_pSTY_Set12_Fr6.raw	RAW	0	NOT_DOWNLOADED_RAW
PXD048988	JPST002422	190118_pSTY_Set12_Fr7.raw	RAW	0	NOT_DOWNLOADED_RAW
PXD048988	JPST002422	190121_pSTY_Set6_Fr1.raw	RAW	0	NOT_DOWNLOADED_RAW
PXD048988	JPST002422	190121_pSTY_Set6_Fr2.raw	RAW	0	NOT_DOWNLOADED_RAW
PXD048988	JPST002422	190121_pSTY_Set6_Fr3.raw	RAW	0	NOT_DOWNLOADED_RAW
PXD048988	JPST002422	190121_pSTY_Set6_Fr4.raw	RAW	0	NOT_DOWNLOADED_RAW
PXD048988	JPST002422	190121_pSTY_Set6_Fr5.raw	RAW	0	NOT_DOWNLOADED_RAW
PXD048988	JPST002422	190121_pSTY_Set6_Fr6.raw	RAW	0	NOT_DOWNLOADED_RAW
PXD048988	JPST002422	190121_pSTY_Set6_Fr7.raw	RAW	0	NOT_DOWNLOADED_RAW
PXD048988	JPST002422	190911_CRLM_pSTY_QF_fr1.raw	RAW	0	NOT_DOWNLOADED_RAW
PXD048988	JPST002422	190911_CRLM_pSTY_QF_fr2.raw	RAW	0	NOT_DOWNLOADED_RAW
PXD048988	JPST002422	190911_CRLM_pSTY_QF_fr3.raw	RAW	0	NOT_DOWNLOADED_RAW
PXD048988	JPST002422	190911_CRLM_pSTY_QF_fr4.raw	RAW	0	NOT_DOWNLOADED_RAW
PXD048988	JPST002422	190911_CRLM_pSTY_QF_fr5.raw	RAW	0	NOT_DOWNLOADED_RAW
PXD048988	JPST002422	190911_CRLM_pSTY_QF_fr6.raw	RAW	0	NOT_DOWNLOADED_RAW
PXD048988	JPST002422	190911_CRLM_pSTY_QF_fr7.raw	RAW	0	NOT_DOWNLOADED_RAW
PXD048988	JPST002422	190913_CRLM_total_QF_fr1.raw	RAW	0	NOT_DOWNLOADED_RAW
PXD048988	JPST002422	190913_CRLM_total_QF_fr2.raw	RAW	0	NOT_DOWNLOADED_RAW
PXD048988	JPST002422	190913_CRLM_total_QF_fr3.raw	RAW	0	NOT_DOWNLOADED_RAW
PXD048988	JPST002422	190913_CRLM_total_QF_fr4.raw	RAW	0	NOT_DOWNLOADED_RAW
PXD048988	JPST002422	190913_CRLM_total_QF_fr5_190914082041.raw	RAW	0	NOT_DOWNLOADED_RAW
PXD048988	JPST002422	190913_CRLM_total_QF_fr6.raw	RAW	0	NOT_DOWNLOADED_RAW
PXD048988	JPST002422	190913_CRLM_total_QF_fr7.raw	RAW	0	NOT_DOWNLOADED_RAW
PXD048988	JPST002422	210625_CRC_validation_pY_set03.raw	RAW	0	NOT_DOWNLOADED_RAW
PXD048988	JPST002422	210628_CRC_validation_pSTY_set03_Fr1.raw	RAW	0	NOT_DOWNLOADED_RAW
PXD048988	JPST002422	210628_CRC_validation_pSTY_set03_Fr2.raw	RAW	0	NOT_DOWNLOADED_RAW
PXD048988	JPST002422	210628_CRC_validation_pSTY_set03_Fr3.raw	RAW	0	NOT_DOWNLOADED_RAW
PXD048988	JPST002422	210628_CRC_validation_pSTY_set03_Fr4.raw	RAW	0	NOT_DOWNLOADED_RAW
PXD048988	JPST002422	210628_CRC_validation_pSTY_set03_Fr5.raw	RAW	0	NOT_DOWNLOADED_RAW
PXD048988	JPST002422	210628_CRC_validation_pSTY_set03_Fr6.raw	RAW	0	NOT_DOWNLOADED_RAW
PXD048988	JPST002422	210628_CRC_validation_pSTY_set03_Fr7.raw	RAW	0	NOT_DOWNLOADED_RAW
PXD048988	JPST002422	AZD6482 treated cell lines Phospho (STY)Sites.txt	SEARCH	0	NOT_DOWNLOADED_FILENAME_FILTER
PXD048988	JPST002422	CRLM Phospho (STY)Sites.txt	SEARCH	0	NOT_DOWNLOADED_FILENAME_FILTER
PXD048988	JPST002422	CRLM proteinGroups.txt	SEARCH	0	NOT_DOWNLOADED_FILENAME_FILTER
PXD048988	JPST002422	Xeno_TMT_pSTY_Set1_fr1.raw	RAW	0	NOT_DOWNLOADED_RAW
PXD048988	JPST002422	Xeno_TMT_pSTY_Set1_fr2.raw	RAW	0	NOT_DOWNLOADED_RAW
PXD048988	JPST002422	Xeno_TMT_pSTY_Set1_fr3.raw	RAW	0	NOT_DOWNLOADED_RAW
PXD048988	JPST002422	Xeno_TMT_pSTY_Set1_fr4.raw	RAW	0	NOT_DOWNLOADED_RAW
PXD048988	JPST002422	Xeno_TMT_pSTY_Set1_fr5.raw	RAW	0	NOT_DOWNLOADED_RAW
PXD048988	JPST002422	Xeno_TMT_pSTY_Set1_fr6.raw	RAW	0	NOT_DOWNLOADED_RAW
PXD048988	JPST002422	Xeno_TMT_pSTY_Set1_fr7.raw	RAW	0	NOT_DOWNLOADED_RAW
PXD048988	JPST002422	copanlisib treated xenograft Phospho (STY)Sites.txt	SEARCH	0	NOT_DOWNLOADED_FILENAME_FILTER
